Kennziffer;Raumeinheit;Aggregat;Durchschnittsalter der Bevölkerung;Durchschnittsalter der Bevölkerung;Durchschnittsalter der Bevölkerung;Durchschnittsalter der Bevölkerung;Durchschnittsalter der Bevölkerung;Durchschnittsalter der Bevölkerung;Durchschnittsalter der Bevölkerung;Durchschnittsalter der Bevölkerung;Durchschnittsalter der Bevölkerung;Durchschnittsalter der Bevölkerung;Durchschnittsalter der Bevölkerung;Durchschnittsalter der Bevölkerung;Durchschnittsalter der Bevölkerung;Durchschnittsalter der Bevölkerung;Durchschnittsalter der Bevölkerung;Durchschnittsalter der Bevölkerung;Durchschnittsalter der Bevölkerung;Durchschnittsalter der Bevölkerung;Durchschnittsalter der Bevölkerung;Durchschnittsalter der Bevölkerung
;;;1997;1998;1999;2000;2001;2002;2003;2004;2005;2006;2007;2008;2009;2010;2011;2012;2013;2014;2015;2016
"01001";"Flensburg, Stadt";"kreisfreie Stadt";"40,56";"40,77";"40,93";"40,97";"41,03";"41,13";"41,18";"41,20";"41,25";"41,38";"41,31";"41,34";"41,52";"41,63";"42,57";"42,54";"42,59";"42,63";"42,47";"42,27"
"01002";"Kiel, Stadt";"kreisfreie Stadt";"40,41";"40,61";"40,85";"40,99";"41,06";"41,03";"41,17";"41,23";"41,28";"41,33";"41,35";"41,42";"41,52";"41,57";"41,30";"41,35";"41,43";"41,49";"41,43";"41,44"
"01003";"Lübeck, Stadt";"kreisfreie Stadt";"42,03";"42,23";"42,42";"42,56";"42,68";"42,82";"42,94";"43,12";"43,26";"43,44";"43,52";"43,67";"43,79";"43,89";"44,31";"44,42";"44,45";"44,51";"44,51";"44,58"
"01004";"Neumünster, Stadt";"kreisfreie Stadt";"40,53";"40,66";"40,95";"41,12";"41,28";"41,44";"41,71";"41,92";"42,15";"42,30";"42,51";"42,68";"42,83";"42,97";"43,64";"43,90";"44,12";"44,22";"44,02";"44,12"
"01051";"Dithmarschen";"Landkreis";"40,37";"40,56";"40,79";"41,00";"41,25";"41,51";"41,77";"42,14";"42,47";"42,84";"43,16";"43,46";"43,77";"44,07";"44,42";"44,74";"45,02";"45,27";"45,43";"45,56"
"01053";"Herzogtum Lauenburg";"Landkreis";"40,28";"40,41";"40,54";"40,70";"40,91";"41,09";"41,34";"41,60";"41,87";"42,18";"42,49";"42,79";"43,12";"43,38";"43,84";"44,10";"44,29";"44,45";"44,49";"44,55"
"01054";"Nordfriesland";"Landkreis";"39,88";"40,02";"40,25";"40,51";"40,72";"41,02";"41,29";"41,61";"41,91";"42,26";"42,59";"42,93";"43,28";"43,59";"44,07";"44,43";"44,75";"45,02";"45,07";"45,18"
"01055";"Ostholstein";"Landkreis";"41,90";"42,13";"42,39";"42,71";"43,00";"43,29";"43,63";"43,99";"44,33";"44,67";"45,01";"45,36";"45,75";"46,08";"46,34";"46,63";"46,93";"47,23";"47,36";"47,47"
"01056";"Pinneberg";"Landkreis";"40,54";"40,71";"40,93";"41,10";"41,25";"41,49";"41,74";"42,00";"42,25";"42,52";"42,77";"43,01";"43,25";"43,45";"43,78";"43,99";"44,15";"44,29";"44,37";"44,36"
"01057";"Plön";"Landkreis";"40,32";"40,52";"40,73";"41,02";"41,35";"41,64";"41,95";"42,31";"42,72";"43,10";"43,46";"43,85";"44,28";"44,66";"45,28";"45,68";"46,01";"46,29";"46,30";"46,45"
"01058";"Rendsburg-Eckernförde";"Landkreis";"39,74";"39,91";"40,10";"40,29";"40,53";"40,79";"41,09";"41,39";"41,72";"42,06";"42,37";"42,71";"43,05";"43,37";"43,80";"44,18";"44,49";"44,76";"44,92";"45,03"
"01059";"Schleswig-Flensburg";"Landkreis";"39,37";"39,58";"39,75";"40,02";"40,35";"40,60";"40,94";"41,30";"41,68";"42,08";"42,41";"42,71";"43,03";"43,34";"43,74";"44,13";"44,49";"44,79";"44,95";"44,98"
"01060";"Segeberg";"Landkreis";"39,30";"39,47";"39,69";"39,87";"40,12";"40,37";"40,63";"40,98";"41,31";"41,63";"41,94";"42,24";"42,57";"42,82";"43,32";"43,61";"43,89";"44,13";"44,25";"44,17"
"01061";"Steinburg";"Landkreis";"39,85";"40,02";"40,18";"40,38";"40,63";"40,81";"41,04";"41,33";"41,66";"42,07";"42,38";"42,70";"43,03";"43,37";"43,86";"44,19";"44,48";"44,76";"44,80";"44,90"
"01062";"Stormarn";"Landkreis";"40,83";"41,03";"41,23";"41,42";"41,60";"41,84";"42,13";"42,36";"42,66";"42,95";"43,18";"43,36";"43,61";"43,81";"44,06";"44,29";"44,48";"44,66";"44,74";"44,81"
"02000";"Hamburg, Stadt";"kreisfreie Stadt";"41,18";"41,24";"41,29";"41,30";"41,34";"41,40";"41,48";"41,55";"41,63";"41,71";"41,73";"41,79";"41,86";"41,92";"41,96";"41,96";"41,98";"41,99";"41,87";"41,73"
"03101";"Braunschweig, Stadt";"kreisfreie Stadt";"41,96";"42,10";"42,25";"42,37";"42,45";"42,54";"42,66";"42,70";"42,86";"42,96";"43,02";"43,07";"43,11";"43,11";"43,13";"43,13";"43,16";"43,18";"43,07";"43,30"
"03102";"Salzgitter, Stadt";"kreisfreie Stadt";"40,86";"41,17";"41,42";"41,72";"41,99";"42,23";"42,52";"42,86";"43,17";"43,48";"43,77";"43,99";"44,24";"44,51";"44,93";"45,11";"45,13";"45,09";"44,71";"44,17"
"03103";"Wolfsburg, Stadt";"kreisfreie Stadt";"41,66";"41,93";"42,20";"42,44";"42,67";"42,84";"43,01";"43,26";"43,55";"43,82";"44,03";"44,11";"44,15";"44,26";"44,13";"44,16";"44,14";"44,17";"44,03";"44,05"
"03151";"Gifhorn";"Landkreis";"37,73";"37,93";"38,11";"38,37";"38,63";"38,92";"39,23";"39,57";"39,95";"40,33";"40,74";"41,12";"41,52";"41,90";"42,25";"42,56";"42,82";"43,02";"43,11";"43,27"
"03153";"Goslar";"Landkreis";"43,04";"43,27";"43,52";"43,79";"44,00";"44,24";"44,48";"44,77";"45,11";"45,47";"45,76";"46,03";"46,32";"46,61";"46,77";"47,03";"47,21";"47,41";"47,32";"47,41"
"03154";"Helmstedt";"Landkreis";"41,29";"41,42";"41,59";"41,83";"42,09";"42,34";"42,61";"42,91";"43,26";"43,55";"43,86";"44,17";"44,54";"44,88";"45,31";"45,57";"45,73";"45,80";"45,74";"45,58"
"03155";"Northeim";"Landkreis";"41,48";"41,69";"41,88";"42,12";"42,43";"42,70";"42,94";"43,18";"43,48";"43,82";"44,14";"44,48";"44,88";"45,16";"45,59";"45,89";"46,14";"46,41";"46,34";"46,59"
"03157";"Peine";"Landkreis";"40,28";"40,36";"40,42";"40,54";"40,74";"40,91";"41,14";"41,40";"41,67";"41,98";"42,29";"42,57";"42,88";"43,16";"43,58";"43,84";"44,01";"44,15";"44,09";"44,13"
"03158";"Wolfenbüttel";"Landkreis";"40,81";"40,89";"40,98";"41,12";"41,39";"41,66";"41,93";"42,20";"42,54";"42,96";"43,31";"43,65";"44,03";"44,31";"44,63";"44,94";"45,17";"45,33";"45,32";"45,39"
"03159";"Göttingen";"Landkreis";"39,81";"40,00";"40,32";"40,62";"40,89";"41,11";"41,38";"41,68";"42,01";"42,32";"42,60";"42,88";"43,17";"43,44";"43,77";"43,98";"44,18";"44,27";"44,07";"44,28"
"03241";"Region Hannover";"Landkreis";"40,96";"41,15";"41,32";"41,46";"41,61";"41,76";"41,94";"42,15";"42,35";"42,57";"42,74";"42,90";"43,09";"43,25";"43,34";"43,45";"43,52";"43,56";"43,44";"43,46"
"03251";"Diepholz";"Landkreis";"39,95";"40,11";"40,29";"40,52";"40,73";"40,94";"41,19";"41,48";"41,80";"42,13";"42,46";"42,80";"43,15";"43,43";"43,77";"44,07";"44,34";"44,55";"44,60";"44,67"
"03252";"Hameln-Pyrmont";"Landkreis";"42,20";"42,36";"42,49";"42,67";"42,88";"43,08";"43,30";"43,55";"43,77";"44,11";"44,30";"44,61";"44,88";"45,16";"45,66";"45,93";"46,14";"46,28";"46,31";"46,36"
"03254";"Hildesheim";"Landkreis";"40,97";"41,10";"41,31";"41,47";"41,69";"41,89";"42,13";"42,41";"42,69";"42,94";"43,19";"43,46";"43,78";"44,06";"44,35";"44,60";"44,83";"45,00";"44,94";"45,05"
"03255";"Holzminden";"Landkreis";"41,78";"41,97";"42,20";"42,44";"42,71";"42,96";"43,24";"43,57";"43,88";"44,28";"44,53";"44,86";"45,12";"45,38";"45,78";"46,05";"46,22";"46,47";"46,50";"46,58"
"03256";"Nienburg (Weser)";"Landkreis";"39,71";"39,88";"40,06";"40,26";"40,50";"40,76";"41,00";"41,26";"41,56";"41,90";"42,20";"42,50";"42,86";"43,16";"43,62";"44,00";"44,29";"44,55";"44,53";"44,47"
"03257";"Schaumburg";"Landkreis";"41,17";"41,30";"41,46";"41,64";"41,85";"42,05";"42,31";"42,65";"42,97";"43,26";"43,63";"43,94";"44,31";"44,64";"45,05";"45,38";"45,67";"45,87";"45,98";"45,92"
"03351";"Celle";"Landkreis";"40,12";"40,27";"40,48";"40,68";"40,93";"41,13";"41,39";"41,65";"41,94";"42,28";"42,61";"42,93";"43,23";"43,51";"43,92";"44,21";"44,43";"44,56";"44,56";"44,63"
"03352";"Cuxhaven";"Landkreis";"40,95";"41,12";"41,27";"41,49";"41,73";"42,01";"42,32";"42,66";"43,01";"43,38";"43,74";"43,96";"44,27";"44,58";"44,97";"45,23";"45,47";"45,69";"45,76";"45,86"
"03353";"Harburg";"Landkreis";"40,00";"40,16";"40,33";"40,52";"40,79";"41,03";"41,33";"41,63";"41,91";"42,23";"42,52";"42,83";"43,14";"43,39";"43,71";"43,92";"44,11";"44,26";"44,34";"44,44"
"03354";"Lüchow-Dannenberg";"Landkreis";"41,91";"42,09";"42,43";"42,68";"43,03";"43,30";"43,54";"43,91";"44,19";"44,54";"44,85";"45,28";"45,65";"46,10";"46,49";"46,77";"47,10";"47,21";"46,76";"47,50"
"03355";"Lüneburg";"Landkreis";"39,56";"39,67";"39,79";"39,86";"39,95";"40,04";"40,23";"40,41";"40,62";"40,87";"41,16";"41,40";"41,68";"41,93";"42,11";"42,35";"42,52";"42,68";"42,70";"42,84"
"03356";"Osterholz";"Landkreis";"39,79";"39,97";"40,12";"40,40";"40,65";"40,93";"41,25";"41,56";"41,94";"42,33";"42,60";"42,97";"43,34";"43,68";"44,07";"44,41";"44,72";"44,97";"44,88";"45,20"
"03357";"Rotenburg (Wümme)";"Landkreis";"38,72";"38,79";"38,92";"39,05";"39,21";"39,46";"39,71";"39,99";"40,35";"40,66";"40,96";"41,30";"41,68";"41,98";"42,41";"42,78";"43,12";"43,38";"43,47";"43,65"
"03358";"Heidekreis";"Landkreis";"39,77";"39,93";"40,12";"40,29";"40,49";"40,67";"40,87";"41,15";"41,47";"41,81";"42,17";"42,49";"42,79";"43,10";"43,70";"43,95";"44,14";"44,40";"44,02";"44,29"
"03359";"Stade";"Landkreis";"38,80";"38,93";"39,15";"39,38";"39,65";"39,91";"40,14";"40,44";"40,77";"41,09";"41,40";"41,68";"41,98";"42,22";"42,65";"42,92";"43,16";"43,37";"43,42";"43,49"
"03360";"Uelzen";"Landkreis";"41,62";"41,79";"42,02";"42,23";"42,46";"42,64";"42,88";"43,16";"43,43";"43,72";"44,00";"44,35";"44,66";"44,89";"45,33";"45,62";"45,84";"46,06";"46,11";"46,28"
"03361";"Verden";"Landkreis";"39,06";"39,25";"39,49";"39,73";"40,01";"40,28";"40,54";"40,88";"41,22";"41,56";"41,87";"42,18";"42,54";"42,82";"43,27";"43,52";"43,75";"43,95";"44,02";"44,06"
"03401";"Delmenhorst, Stadt";"kreisfreie Stadt";"39,79";"40,09";"40,31";"40,64";"40,96";"41,22";"41,46";"41,66";"41,98";"42,34";"42,68";"42,94";"43,21";"43,45";"43,89";"44,06";"44,14";"44,21";"44,01";"43,77"
"03402";"Emden, Stadt";"kreisfreie Stadt";"40,08";"40,25";"40,56";"40,81";"41,02";"41,17";"41,29";"41,46";"41,64";"41,85";"42,10";"42,34";"42,61";"42,70";"42,69";"42,82";"42,88";"42,95";"42,80";"42,96"
"03403";"Oldenburg (Oldenburg), Stadt";"kreisfreie Stadt";"40,02";"40,12";"40,32";"40,45";"40,54";"40,61";"40,74";"40,93";"41,12";"41,31";"41,52";"41,65";"41,72";"41,85";"41,83";"41,99";"42,12";"42,25";"42,18";"42,16"
"03404";"Osnabrück, Stadt";"kreisfreie Stadt";"40,36";"40,60";"40,82";"40,98";"41,10";"41,21";"41,25";"41,49";"41,74";"41,98";"42,12";"42,20";"42,31";"42,39";"42,14";"42,14";"42,17";"42,20";"41,72";"41,58"
"03405";"Wilhelmshaven, Stadt";"kreisfreie Stadt";"41,97";"42,34";"42,64";"43,00";"43,19";"43,37";"43,52";"43,75";"43,98";"44,32";"44,61";"44,87";"45,05";"45,15";"45,64";"45,80";"46,01";"46,22";"46,13";"46,02"
"03451";"Ammerland";"Landkreis";"38,94";"39,16";"39,39";"39,67";"39,91";"40,16";"40,42";"40,78";"41,09";"41,45";"41,83";"42,21";"42,61";"42,96";"43,34";"43,65";"44,00";"44,27";"44,35";"44,41"
"03452";"Aurich";"Landkreis";"38,73";"38,91";"39,15";"39,39";"39,67";"39,94";"40,26";"40,60";"40,96";"41,33";"41,67";"42,04";"42,39";"42,76";"43,32";"43,63";"43,87";"44,10";"44,25";"44,35"
"03453";"Cloppenburg";"Landkreis";"35,50";"35,74";"35,94";"36,16";"36,43";"36,70";"36,98";"37,24";"37,54";"37,88";"38,16";"38,46";"38,71";"39,00";"39,36";"39,65";"39,91";"40,05";"40,11";"40,23"
"03454";"Emsland";"Landkreis";"36,28";"36,60";"36,91";"37,23";"37,57";"37,91";"38,29";"38,65";"39,02";"39,40";"39,76";"40,10";"40,45";"40,81";"41,12";"41,43";"41,69";"41,89";"41,99";"42,12"
"03455";"Friesland";"Landkreis";"40,23";"40,42";"40,66";"40,86";"41,07";"41,39";"41,70";"42,08";"42,52";"42,89";"43,26";"43,63";"44,01";"44,39";"44,95";"45,37";"45,70";"46,05";"46,08";"46,15"
"03456";"Grafschaft Bentheim";"Landkreis";"38,18";"38,35";"38,55";"38,78";"38,95";"39,17";"39,43";"39,70";"40,03";"40,34";"40,64";"40,89";"41,24";"41,54";"42,00";"42,28";"42,53";"42,75";"42,79";"43,04"
"03457";"Leer";"Landkreis";"38,40";"38,54";"38,75";"38,95";"39,17";"39,44";"39,75";"40,12";"40,46";"40,82";"41,18";"41,51";"41,82";"42,10";"42,49";"42,74";"42,99";"43,23";"43,32";"43,48"
"03458";"Oldenburg";"Landkreis";"38,65";"38,83";"39,02";"39,23";"39,46";"39,71";"40,01";"40,36";"40,69";"41,01";"41,37";"41,77";"42,09";"42,41";"42,95";"43,31";"43,60";"43,77";"43,83";"43,91"
"03459";"Osnabrück";"Landkreis";"37,50";"37,69";"37,90";"38,14";"38,41";"38,70";"39,52";"39,82";"40,15";"40,51";"40,84";"41,15";"41,50";"41,85";"42,17";"42,47";"42,77";"43,04";"42,95";"43,34"
"03460";"Vechta";"Landkreis";"35,80";"35,95";"36,17";"36,36";"36,59";"36,82";"37,07";"37,33";"37,61";"37,92";"38,21";"38,51";"38,80";"39,05";"39,33";"39,54";"39,77";"39,90";"40,04";"40,07"
"03461";"Wesermarsch";"Landkreis";"39,87";"40,10";"40,34";"40,58";"40,79";"41,00";"41,26";"41,61";"41,90";"42,31";"42,59";"42,90";"43,28";"43,64";"44,06";"44,34";"44,65";"44,89";"44,95";"45,07"
"03462";"Wittmund";"Landkreis";"39,09";"39,18";"39,32";"39,68";"39,97";"40,29";"40,59";"41,02";"41,42";"41,91";"42,30";"42,68";"43,05";"43,43";"43,89";"44,24";"44,54";"44,84";"44,90";"45,24"
"04011";"Bremen, Stadt";"kreisfreie Stadt";"41,73";"41,90";"42,06";"42,21";"42,33";"42,39";"42,49";"42,63";"42,75";"42,88";"43,05";"43,19";"43,29";"43,39";"43,30";"43,39";"43,46";"43,51";"43,41";"43,20"
"04012";"Bremerhaven, Stadt";"kreisfreie Stadt";"41,05";"41,33";"41,61";"41,92";"42,23";"42,31";"42,52";"42,78";"42,95";"43,13";"43,25";"43,46";"43,61";"43,80";"44,04";"44,15";"44,15";"43,96";"43,31";"43,45"
"05111";"Düsseldorf, Stadt";"kreisfreie Stadt";"41,99";"42,13";"42,24";"42,32";"42,37";"42,43";"42,52";"42,59";"42,64";"42,67";"42,67";"42,63";"42,67";"42,68";"42,95";"42,93";"42,88";"42,84";"42,69";"42,68"
"05112";"Duisburg, Stadt";"kreisfreie Stadt";"40,99";"41,20";"41,41";"41,65";"41,84";"42,02";"42,19";"42,38";"42,58";"42,76";"42,91";"43,06";"43,21";"43,33";"43,38";"43,47";"43,45";"43,61";"43,41";"43,04"
"05113";"Essen, Stadt";"kreisfreie Stadt";"42,26";"42,45";"42,64";"42,83";"42,99";"43,22";"43,24";"43,37";"43,53";"43,66";"43,75";"43,86";"43,98";"44,07";"44,15";"44,17";"44,15";"44,13";"43,86";"43,77"
"05114";"Krefeld, Stadt";"kreisfreie Stadt";"40,68";"40,94";"41,23";"41,51";"41,71";"41,93";"42,15";"42,41";"42,68";"42,93";"43,20";"43,37";"43,60";"43,79";"43,97";"44,11";"44,26";"44,35";"44,25";"44,15"
"05116";"Mönchengladbach, Stadt";"kreisfreie Stadt";"40,21";"40,44";"40,69";"40,89";"41,07";"41,23";"41,45";"41,68";"41,89";"42,13";"42,33";"42,54";"42,76";"42,91";"43,38";"43,54";"43,66";"43,73";"43,63";"43,62"
"05117";"Mülheim an der Ruhr, Stadt";"kreisfreie Stadt";"42,93";"43,10";"43,30";"43,54";"43,70";"43,90";"44,15";"44,36";"44,52";"44,72";"44,88";"45,00";"45,16";"45,28";"45,45";"45,58";"45,68";"45,70";"45,50";"45,31"
"05119";"Oberhausen, Stadt";"kreisfreie Stadt";"40,93";"41,12";"41,29";"41,46";"41,69";"41,89";"42,13";"42,37";"42,56";"42,76";"42,97";"43,20";"43,47";"43,67";"44,02";"44,21";"44,37";"44,49";"44,40";"44,40"
"05120";"Remscheid, Stadt";"kreisfreie Stadt";"40,76";"40,93";"40,96";"41,16";"41,33";"41,52";"41,70";"41,92";"42,19";"42,46";"42,72";"43,01";"43,26";"43,47";"44,07";"44,32";"44,53";"44,61";"44,59";"44,44"
"05122";"Solingen, Stadt";"kreisfreie Stadt";"40,99";"41,08";"41,22";"41,45";"41,60";"41,77";"41,98";"42,20";"42,46";"42,67";"42,88";"43,07";"43,37";"43,57";"43,75";"43,90";"43,99";"44,06";"43,93";"44,02"
"05124";"Wuppertal, Stadt";"kreisfreie Stadt";"41,09";"41,29";"41,51";"41,73";"41,93";"42,07";"42,25";"42,42";"42,61";"42,78";"42,95";"43,11";"43,30";"43,43";"43,54";"43,63";"43,70";"43,70";"43,50";"43,31"
"05154";"Kleve";"Landkreis";"38,85";"39,02";"39,21";"39,48";"39,74";"39,98";"40,25";"40,56";"40,88";"41,17";"41,50";"41,81";"42,15";"42,45";"42,78";"43,03";"43,26";"43,43";"43,35";"43,56"
"05158";"Mettmann";"Landkreis";"40,75";"40,96";"41,18";"41,43";"41,70";"41,97";"42,28";"42,61";"42,92";"43,25";"43,55";"43,85";"44,19";"44,48";"44,84";"45,06";"45,27";"45,41";"45,31";"45,37"
"05162";"Rhein-Kreis Neuss";"Landkreis";"39,77";"39,99";"40,25";"40,53";"40,78";"41,04";"41,33";"41,66";"41,97";"42,29";"42,55";"42,83";"43,09";"43,32";"43,66";"43,87";"44,05";"44,22";"44,09";"44,37"
"05166";"Viersen";"Landkreis";"39,54";"39,64";"39,83";"40,07";"40,31";"40,57";"40,89";"41,24";"41,57";"41,92";"42,25";"42,57";"42,92";"43,26";"43,61";"43,94";"44,26";"44,54";"44,60";"44,75"
"05170";"Wesel";"Landkreis";"39,66";"39,92";"40,20";"40,51";"40,81";"41,08";"41,43";"41,78";"42,14";"42,53";"42,88";"43,22";"43,60";"43,94";"44,30";"44,62";"44,91";"45,15";"45,10";"45,28"
"05314";"Bonn, Stadt";"kreisfreie Stadt";"40,32";"40,46";"40,68";"40,74";"40,71";"40,72";"40,81";"41,00";"41,15";"41,30";"41,39";"41,49";"41,60";"41,52";"41,16";"41,22";"41,30";"41,35";"41,21";"41,15"
"05315";"Köln, Stadt";"kreisfreie Stadt";"40,29";"40,43";"40,57";"40,71";"40,81";"40,95";"41,12";"41,25";"41,23";"41,33";"41,39";"41,46";"41,52";"41,53";"41,43";"41,46";"41,47";"41,47";"41,39";"41,29"
"05316";"Leverkusen, Stadt";"kreisfreie Stadt";"40,98";"41,26";"41,52";"41,75";"41,99";"42,22";"42,30";"42,52";"42,74";"42,94";"43,09";"43,27";"43,53";"43,71";"43,87";"43,99";"44,02";"44,09";"43,94";"44,05"
"05334";"Städteregion Aachen";"Landkreis";"39,85";"40,05";"40,27";"40,45";"40,62";"40,77";"40,74";"40,95";"41,18";"41,43";"41,64";"41,84";"42,07";"42,29";"42,32";"42,45";"42,55";"42,65";"42,59";"42,70"
"05358";"Düren";"Landkreis";"39,10";"39,27";"39,42";"39,62";"39,82";"40,05";"40,34";"40,67";"40,99";"41,39";"41,71";"42,04";"42,36";"42,69";"43,14";"43,41";"43,66";"43,85";"43,75";"43,95"
"05362";"Rhein-Erft-Kreis";"Landkreis";"39,57";"39,79";"40,04";"40,28";"40,52";"40,75";"41,03";"41,33";"41,64";"41,95";"42,22";"42,48";"42,77";"43,04";"43,28";"43,49";"43,65";"43,77";"43,70";"43,90"
"05366";"Euskirchen";"Landkreis";"39,38";"39,53";"39,74";"39,96";"40,17";"40,43";"40,69";"40,99";"41,32";"41,64";"41,97";"42,32";"42,65";"43,00";"43,34";"43,66";"43,94";"44,17";"44,12";"44,37"
"05370";"Heinsberg";"Landkreis";"38,60";"38,76";"38,96";"39,20";"39,45";"39,66";"39,95";"40,25";"40,61";"40,98";"41,34";"41,68";"42,04";"42,35";"42,81";"43,12";"43,41";"43,64";"43,65";"43,87"
"05374";"Oberbergischer Kreis";"Landkreis";"38,91";"39,04";"39,25";"39,44";"39,65";"39,88";"40,14";"40,44";"40,76";"41,10";"41,41";"41,72";"42,06";"42,39";"42,88";"43,16";"43,44";"43,66";"43,64";"43,78"
"05378";"Rheinisch-Bergischer Kreis";"Landkreis";"40,43";"40,60";"40,77";"41,05";"41,28";"41,46";"41,74";"42,05";"42,39";"42,71";"42,99";"43,27";"43,57";"43,85";"44,22";"44,50";"44,75";"44,96";"45,00";"45,12"
"05382";"Rhein-Sieg-Kreis";"Landkreis";"39,07";"39,21";"39,42";"39,63";"39,84";"40,04";"40,31";"40,61";"40,95";"41,28";"41,60";"41,93";"42,25";"42,54";"42,85";"43,12";"43,37";"43,57";"43,52";"43,71"
"05512";"Bottrop, Stadt";"kreisfreie Stadt";"40,53";"40,78";"40,97";"41,21";"41,45";"41,68";"41,97";"42,22";"42,54";"42,84";"43,09";"43,38";"43,63";"43,89";"44,12";"44,41";"44,68";"44,87";"44,81";"44,87"
"05513";"Gelsenkirchen, Stadt";"kreisfreie Stadt";"41,13";"41,27";"41,46";"41,69";"41,85";"42,02";"42,22";"42,45";"42,62";"42,76";"42,89";"43,05";"43,17";"43,32";"43,48";"43,54";"43,55";"43,63";"43,40";"43,18"
"05515";"Münster, Stadt";"kreisfreie Stadt";"39,10";"39,30";"39,47";"39,61";"39,74";"39,87";"40,05";"40,24";"40,43";"40,60";"40,77";"40,90";"41,04";"41,05";"40,52";"40,58";"40,63";"40,70";"40,52";"40,57"
"05554";"Borken";"Landkreis";"36,63";"36,83";"37,05";"37,29";"37,55";"37,84";"38,12";"38,48";"38,83";"39,18";"39,51";"39,82";"40,20";"40,51";"40,90";"41,26";"41,56";"41,86";"41,92";"42,20"
"05558";"Coesfeld";"Landkreis";"37,11";"37,38";"37,62";"37,91";"38,24";"38,52";"38,85";"39,24";"39,62";"40,05";"40,45";"40,86";"41,27";"41,69";"42,31";"42,66";"43,00";"43,30";"43,38";"43,62"
"05562";"Recklinghausen";"Landkreis";"40,15";"40,40";"40,66";"40,94";"41,21";"41,47";"41,78";"42,10";"42,41";"42,73";"43,03";"43,29";"43,60";"43,86";"44,31";"44,54";"44,78";"44,97";"44,94";"45,01"
"05566";"Steinfurt";"Landkreis";"37,70";"37,90";"38,13";"38,36";"38,61";"38,88";"39,16";"39,47";"39,78";"40,12";"40,45";"40,76";"41,09";"41,39";"41,86";"42,16";"42,46";"42,69";"42,69";"42,86"
"05570";"Warendorf";"Landkreis";"38,16";"38,37";"38,58";"38,76";"39,02";"39,27";"39,59";"39,91";"40,24";"40,60";"40,94";"41,30";"41,67";"41,99";"42,53";"42,82";"43,12";"43,35";"43,34";"43,53"
"05711";"Bielefeld, Stadt";"kreisfreie Stadt";"40,97";"41,09";"41,20";"41,25";"41,33";"41,35";"41,29";"41,44";"41,58";"41,75";"41,91";"42,04";"42,15";"42,21";"42,17";"42,27";"42,35";"42,46";"42,37";"42,36"
"05754";"Gütersloh";"Landkreis";"38,10";"38,26";"38,43";"38,63";"38,82";"39,05";"39,37";"39,64";"39,95";"40,27";"40,55";"40,83";"41,14";"41,40";"41,87";"42,12";"42,36";"42,57";"42,52";"42,66"
"05758";"Herford";"Landkreis";"40,55";"40,69";"40,80";"40,91";"41,04";"41,23";"41,48";"41,71";"41,96";"42,22";"42,43";"42,68";"42,94";"43,19";"43,66";"43,89";"44,12";"44,28";"44,18";"44,35"
"05762";"Höxter";"Landkreis";"38,96";"39,17";"39,38";"39,60";"39,88";"40,19";"40,51";"40,82";"41,18";"41,53";"41,92";"42,29";"42,62";"42,95";"43,35";"43,68";"43,97";"44,20";"44,21";"44,66"
"05766";"Lippe";"Landkreis";"39,94";"40,08";"40,26";"40,46";"40,66";"40,85";"41,11";"41,37";"41,69";"41,96";"42,20";"42,44";"42,70";"42,95";"43,42";"43,65";"43,86";"44,05";"43,84";"44,07"
"05770";"Minden-Lübbecke";"Landkreis";"40,05";"40,14";"40,28";"40,47";"40,66";"40,85";"41,11";"41,38";"41,61";"41,87";"42,12";"42,38";"42,65";"42,89";"43,38";"43,61";"43,82";"44,00";"43,92";"44,03"
"05774";"Paderborn";"Landkreis";"37,01";"37,20";"37,40";"37,62";"37,83";"38,07";"38,38";"38,64";"38,94";"39,27";"39,59";"39,89";"40,17";"40,43";"40,64";"40,92";"41,16";"41,34";"41,30";"41,46"
"05911";"Bochum, Stadt";"kreisfreie Stadt";"41,65";"41,88";"42,06";"42,25";"42,43";"42,59";"42,79";"42,90";"43,14";"43,35";"43,55";"43,75";"43,97";"44,11";"44,23";"44,31";"44,38";"44,43";"44,29";"44,24"
"05913";"Dortmund, Stadt";"kreisfreie Stadt";"41,23";"41,40";"41,57";"41,73";"41,87";"41,96";"42,11";"42,29";"42,44";"42,63";"42,78";"42,92";"43,10";"43,22";"43,20";"43,27";"43,25";"43,22";"43,09";"43,11"
"05914";"Hagen, Stadt";"kreisfreie Stadt";"41,34";"41,47";"41,65";"41,89";"42,02";"42,20";"42,33";"42,54";"42,75";"42,99";"43,20";"43,37";"43,65";"43,81";"44,31";"44,51";"44,60";"44,58";"44,26";"44,28"
"05915";"Hamm, Stadt";"kreisfreie Stadt";"39,56";"39,72";"39,83";"39,99";"40,09";"40,31";"40,56";"40,87";"41,17";"41,43";"41,69";"41,92";"42,13";"42,34";"42,66";"42,85";"43,04";"43,11";"42,95";"43,00"
"05916";"Herne, Stadt";"kreisfreie Stadt";"41,31";"41,51";"41,74";"41,94";"42,10";"42,27";"42,48";"42,73";"42,98";"43,24";"43,51";"43,76";"43,99";"44,15";"44,29";"44,39";"44,48";"44,50";"44,36";"44,25"
"05954";"Ennepe-Ruhr-Kreis";"Landkreis";"41,47";"41,65";"41,80";"42,00";"42,23";"42,50";"42,79";"43,05";"43,32";"43,58";"43,83";"44,12";"44,40";"44,67";"45,12";"45,31";"45,52";"45,64";"45,51";"45,58"
"05958";"Hochsauerlandkreis";"Landkreis";"39,21";"39,41";"39,68";"39,98";"40,22";"40,49";"40,80";"41,13";"41,40";"41,73";"42,04";"42,34";"42,65";"43,01";"43,44";"43,75";"44,06";"44,32";"44,26";"44,48"
"05962";"Märkischer Kreis";"Landkreis";"39,45";"39,62";"39,82";"40,09";"40,32";"40,54";"40,83";"41,14";"41,45";"41,78";"42,09";"42,40";"42,71";"43,01";"43,40";"43,68";"43,99";"44,25";"44,26";"44,39"
"05966";"Olpe";"Landkreis";"37,97";"38,13";"38,33";"38,62";"38,87";"39,17";"39,45";"39,75";"40,09";"40,44";"40,75";"41,04";"41,43";"41,76";"42,21";"42,52";"42,82";"43,09";"43,02";"43,34"
"05970";"Siegen-Wittgenstein";"Landkreis";"39,51";"39,73";"39,97";"40,26";"40,51";"40,77";"41,03";"41,36";"41,65";"41,96";"42,22";"42,49";"42,79";"43,05";"43,38";"43,58";"43,76";"43,85";"43,61";"43,83"
"05974";"Soest";"Landkreis";"38,92";"39,12";"39,36";"39,61";"39,84";"40,08";"40,37";"40,69";"40,98";"41,34";"41,63";"41,94";"42,28";"42,61";"43,06";"43,33";"43,60";"43,77";"43,58";"43,85"
"05978";"Unna";"Landkreis";"39,52";"39,74";"39,97";"40,21";"40,54";"40,84";"41,22";"41,46";"41,83";"42,21";"42,56";"42,86";"43,23";"43,54";"44,11";"44,38";"44,61";"44,80";"44,71";"44,98"
"06411";"Darmstadt, Stadt";"kreisfreie Stadt";"41,17";"41,23";"41,29";"41,34";"41,43";"41,45";"41,47";"41,54";"41,63";"41,67";"41,66";"41,70";"41,65";"41,62";"41,06";"40,97";"40,94";"40,88";"40,59";"40,44"
"06412";"Frankfurt am Main, Stadt";"kreisfreie Stadt";"41,25";"41,33";"41,41";"41,45";"41,43";"41,48";"41,50";"41,56";"41,58";"41,59";"41,55";"41,52";"41,52";"41,51";"40,71";"40,66";"40,61";"40,55";"40,41";"40,38"
"06413";"Offenbach am Main, Stadt";"kreisfreie Stadt";"40,26";"40,42";"40,45";"40,39";"40,33";"40,31";"40,43";"40,56";"40,68";"40,79";"40,89";"40,91";"40,95";"40,91";"40,99";"40,88";"40,81";"40,79";"40,62";"40,56"
"06414";"Wiesbaden, Stadt";"kreisfreie Stadt";"41,38";"41,48";"41,54";"41,57";"41,64";"41,72";"41,80";"41,88";"41,98";"42,08";"42,15";"42,22";"42,32";"42,35";"42,33";"42,39";"42,41";"42,49";"42,48";"42,50"
"06431";"Bergstraße";"Landkreis";"40,10";"40,32";"40,54";"40,78";"41,03";"41,27";"41,54";"41,84";"42,16";"42,52";"42,80";"43,10";"43,42";"43,68";"44,00";"44,23";"44,44";"44,62";"44,62";"44,74"
"06432";"Darmstadt-Dieburg";"Landkreis";"38,95";"39,19";"39,43";"39,70";"39,95";"40,22";"40,51";"40,85";"41,20";"41,54";"41,85";"42,14";"42,46";"42,69";"42,95";"43,20";"43,39";"43,54";"43,49";"43,56"
"06433";"Groß-Gerau";"Landkreis";"39,40";"39,59";"39,80";"40,01";"40,19";"40,37";"40,61";"40,88";"41,15";"41,39";"41,61";"41,81";"42,03";"42,23";"42,29";"42,41";"42,49";"42,51";"42,39";"42,36"
"06434";"Hochtaunuskreis";"Landkreis";"41,23";"41,37";"41,55";"41,69";"41,84";"42,03";"42,26";"42,46";"42,71";"42,97";"43,20";"43,44";"43,67";"43,81";"43,86";"44,03";"44,19";"44,34";"44,32";"44,39"
"06435";"Main-Kinzig-Kreis";"Landkreis";"39,69";"39,92";"40,14";"40,39";"40,58";"40,83";"41,12";"41,41";"41,75";"42,09";"42,39";"42,69";"42,98";"43,24";"43,39";"43,59";"43,76";"43,92";"43,94";"43,91"
"06436";"Main-Taunus-Kreis";"Landkreis";"40,51";"40,75";"40,94";"41,11";"41,27";"41,43";"41,67";"41,91";"42,15";"42,37";"42,53";"42,71";"42,92";"43,13";"43,28";"43,43";"43,54";"43,65";"43,57";"43,53"
"06437";"Odenwaldkreis";"Landkreis";"39,53";"39,82";"40,14";"40,34";"40,67";"40,94";"41,27";"41,64";"42,02";"42,45";"42,80";"43,18";"43,52";"43,84";"44,09";"44,37";"44,61";"44,93";"44,99";"45,32"
"06438";"Offenbach";"Landkreis";"39,93";"40,17";"40,38";"40,60";"40,81";"41,04";"41,32";"41,61";"41,92";"42,20";"42,46";"42,71";"42,96";"43,17";"43,25";"43,40";"43,57";"43,66";"43,52";"43,55"
"06439";"Rheingau-Taunus-Kreis";"Landkreis";"39,82";"40,10";"40,33";"40,58";"40,81";"41,06";"41,42";"41,78";"42,10";"42,53";"42,85";"43,19";"43,55";"43,89";"44,10";"44,34";"44,63";"44,79";"44,86";"44,91"
"06440";"Wetteraukreis";"Landkreis";"39,75";"39,91";"40,10";"40,31";"40,52";"40,72";"41,00";"41,35";"41,65";"41,95";"42,23";"42,51";"42,80";"43,08";"43,22";"43,45";"43,60";"43,78";"43,78";"43,87"
"06531";"Gießen";"Landkreis";"39,13";"39,37";"39,63";"39,82";"40,04";"40,26";"40,49";"40,78";"41,06";"41,36";"41,59";"41,79";"41,98";"42,14";"42,11";"42,28";"42,44";"42,30";"42,28";"42,23"
"06532";"Lahn-Dill-Kreis";"Landkreis";"39,69";"39,89";"40,14";"40,36";"40,58";"40,82";"41,12";"41,44";"41,71";"42,01";"42,29";"42,57";"42,88";"43,16";"43,43";"43,71";"43,96";"44,20";"44,21";"44,28"
"06533";"Limburg-Weilburg";"Landkreis";"39,35";"39,52";"39,71";"39,93";"40,17";"40,39";"40,61";"40,93";"41,22";"41,57";"41,87";"42,16";"42,47";"42,77";"43,07";"43,39";"43,63";"43,87";"43,87";"44,03"
"06534";"Marburg-Biedenkopf";"Landkreis";"38,45";"38,69";"38,94";"39,28";"39,55";"39,80";"40,09";"40,38";"40,65";"40,93";"41,20";"41,44";"41,72";"41,95";"41,86";"42,06";"42,24";"42,46";"42,36";"42,47"
"06535";"Vogelsbergkreis";"Landkreis";"40,49";"40,77";"41,06";"41,31";"41,63";"41,94";"42,27";"42,64";"43,04";"43,42";"43,81";"44,17";"44,58";"44,95";"45,21";"45,58";"45,85";"46,13";"45,89";"46,11"
"06611";"Kassel, Stadt";"kreisfreie Stadt";"41,50";"41,67";"41,83";"42,00";"42,04";"42,16";"42,19";"42,29";"42,44";"42,58";"42,64";"42,69";"42,72";"42,75";"42,47";"42,46";"42,46";"42,50";"42,32";"42,19"
"06631";"Fulda";"Landkreis";"38,95";"39,12";"39,39";"39,62";"39,86";"40,11";"40,35";"40,61";"40,91";"41,22";"41,52";"41,81";"42,11";"42,38";"42,63";"42,89";"43,10";"43,32";"43,29";"43,40"
"06632";"Hersfeld-Rotenburg";"Landkreis";"41,33";"41,54";"41,81";"42,05";"42,33";"42,62";"42,93";"43,24";"43,50";"43,81";"44,08";"44,33";"44,60";"44,84";"44,96";"45,19";"45,40";"45,60";"45,34";"45,48"
"06633";"Kassel";"Landkreis";"40,66";"40,91";"41,18";"41,43";"41,77";"42,08";"42,41";"42,77";"43,13";"43,54";"43,89";"44,26";"44,58";"44,88";"45,22";"45,53";"45,82";"46,02";"45,99";"46,01"
"06634";"Schwalm-Eder-Kreis";"Landkreis";"40,07";"40,27";"40,56";"40,84";"41,13";"41,39";"41,68";"42,02";"42,37";"42,77";"43,10";"43,44";"43,81";"44,09";"44,41";"44,69";"44,95";"45,17";"45,22";"45,25"
"06635";"Waldeck-Frankenberg";"Landkreis";"40,06";"40,27";"40,50";"40,77";"41,06";"41,30";"41,60";"41,90";"42,25";"42,59";"42,89";"43,22";"43,53";"43,87";"44,22";"44,51";"44,76";"45,04";"45,00";"45,05"
"06636";"Werra-Meißner-Kreis";"Landkreis";"41,70";"41,93";"42,21";"42,48";"42,76";"43,07";"43,34";"43,65";"44,02";"44,45";"44,78";"45,08";"45,38";"45,65";"45,97";"46,26";"46,52";"46,74";"46,68";"46,65"
"07111";"Koblenz, Stadt";"kreisfreie Stadt";"41,83";"42,03";"42,22";"42,40";"42,55";"42,74";"42,94";"43,15";"43,34";"43,50";"43,55";"43,61";"43,69";"43,81";"43,79";"43,65";"43,62";"43,60";"43,50";"43,35"
"07131";"Ahrweiler";"Landkreis";"40,57";"40,75";"41,01";"41,29";"41,53";"41,82";"42,17";"42,51";"42,88";"43,28";"43,65";"44,02";"44,38";"44,75";"45,04";"45,31";"45,58";"45,80";"45,88";"45,96"
"07132";"Altenkirchen (Westerwald)";"Landkreis";"39,42";"39,65";"39,90";"40,23";"40,44";"40,71";"40,96";"41,33";"41,65";"41,96";"42,30";"42,60";"42,97";"43,29";"43,55";"43,83";"44,12";"44,34";"44,33";"44,54"
"07133";"Bad Kreuznach";"Landkreis";"40,50";"40,70";"40,89";"41,08";"41,35";"41,58";"41,80";"42,10";"42,39";"42,72";"42,97";"43,23";"43,52";"43,79";"44,16";"44,42";"44,64";"44,86";"44,97";"45,06"
"07134";"Birkenfeld";"Landkreis";"40,92";"41,15";"41,42";"41,61";"41,84";"42,08";"42,40";"42,71";"43,10";"43,42";"43,68";"44,01";"44,37";"44,74";"45,14";"45,56";"45,81";"46,02";"46,12";"46,09"
"07135";"Cochem-Zell";"Landkreis";"40,45";"40,72";"41,00";"41,28";"41,55";"41,82";"42,10";"42,36";"42,73";"43,15";"43,47";"43,73";"44,13";"44,52";"44,78";"45,11";"45,37";"45,62";"45,71";"45,99"
"07137";"Mayen-Koblenz";"Landkreis";"40,10";"40,30";"40,52";"40,77";"41,00";"41,21";"41,46";"41,70";"42,01";"42,30";"42,57";"42,84";"43,13";"43,42";"43,71";"43,98";"44,21";"44,40";"44,48";"44,51"
"07138";"Neuwied";"Landkreis";"40,17";"40,33";"40,52";"40,70";"40,89";"41,12";"41,35";"41,58";"41,93";"42,28";"42,61";"42,93";"43,27";"43,56";"43,72";"44,00";"44,21";"44,42";"44,48";"44,50"
"07140";"Rhein-Hunsrück-Kreis";"Landkreis";"39,68";"39,89";"40,14";"40,34";"40,61";"40,85";"41,13";"41,48";"41,80";"42,16";"42,51";"42,90";"43,22";"43,55";"43,97";"44,31";"44,59";"44,81";"44,90";"44,98"
"07141";"Rhein-Lahn-Kreis";"Landkreis";"40,93";"41,11";"41,31";"41,54";"41,70";"41,91";"42,14";"42,45";"42,81";"43,15";"43,48";"43,74";"44,06";"44,39";"44,63";"44,91";"45,18";"45,29";"45,10";"45,37"
"07143";"Westerwaldkreis";"Landkreis";"38,96";"39,14";"39,34";"39,59";"39,85";"40,12";"40,33";"40,63";"40,97";"41,33";"41,64";"41,98";"42,35";"42,64";"42,97";"43,29";"43,54";"43,80";"43,89";"43,99"
"07211";"Trier, Stadt";"kreisfreie Stadt";"40,61";"40,72";"40,83";"40,96";"41,04";"41,11";"41,31";"41,46";"41,66";"41,09";"41,15";"41,14";"41,28";"41,23";"41,05";"41,16";"41,27";"41,18";"40,32";"41,16"
"07231";"Bernkastel-Wittlich";"Landkreis";"40,15";"40,39";"40,58";"40,87";"40,71";"40,96";"41,20";"41,46";"41,79";"42,10";"42,36";"42,68";"43,05";"43,37";"44,08";"44,42";"44,66";"44,87";"44,90";"45,04"
"07232";"Eifelkreis Bitburg-Prüm";"Landkreis";"39,56";"39,77";"40,05";"40,29";"40,57";"40,82";"41,14";"41,45";"41,64";"41,97";"42,25";"42,53";"42,79";"43,05";"43,09";"43,29";"43,49";"43,71";"43,75";"43,79"
"07233";"Vulkaneifel";"Landkreis";"40,10";"40,26";"40,59";"40,85";"41,15";"41,44";"41,70";"42,09";"42,37";"42,79";"43,14";"43,56";"43,88";"44,19";"44,64";"44,97";"45,29";"45,56";"45,74";"45,90"
"07235";"Trier-Saarburg";"Landkreis";"39,36";"39,54";"39,79";"40,06";"40,68";"40,95";"41,20";"41,51";"41,79";"42,11";"42,32";"42,57";"42,81";"43,06";"43,01";"43,31";"43,52";"43,73";"43,60";"43,89"
"07311";"Frankenthal (Pfalz), Stadt";"kreisfreie Stadt";"40,68";"41,07";"41,37";"41,71";"42,04";"42,28";"42,59";"42,85";"43,22";"43,50";"43,65";"43,87";"44,09";"44,26";"44,04";"44,14";"44,26";"44,30";"44,22";"44,23"
"07312";"Kaiserslautern, Stadt";"kreisfreie Stadt";"40,99";"41,13";"41,38";"41,56";"41,71";"41,89";"42,04";"42,18";"42,46";"42,62";"42,76";"42,90";"42,69";"42,69";"42,48";"42,58";"42,74";"42,86";"42,81";"42,75"
"07313";"Landau in der Pfalz, Stadt";"kreisfreie Stadt";"40,15";"40,33";"40,52";"40,60";"40,75";"40,95";"41,17";"41,42";"41,57";"41,45";"41,68";"41,94";"42,18";"42,16";"42,22";"42,33";"42,47";"42,50";"42,35";"42,26"
"07314";"Ludwigshafen am Rhein, Stadt";"kreisfreie Stadt";"40,42";"40,70";"40,89";"41,17";"41,28";"41,42";"41,50";"41,68";"41,82";"41,97";"42,11";"42,24";"42,46";"42,56";"42,25";"42,30";"42,31";"42,27";"42,21";"42,03"
"07315";"Mainz, Stadt";"kreisfreie Stadt";"39,96";"40,14";"40,29";"40,42";"40,48";"40,60";"40,84";"41,02";"40,58";"40,64";"40,69";"40,84";"40,98";"41,01";"40,95";"40,99";"41,04";"41,06";"41,03";"40,91"
"07316";"Neustadt an der Weinstraße, Stadt";"kreisfreie Stadt";"41,88";"41,94";"42,10";"42,33";"42,65";"42,84";"43,05";"43,33";"43,62";"43,89";"44,13";"44,28";"44,62";"44,85";"44,99";"45,21";"45,36";"45,48";"45,54";"45,60"
"07317";"Pirmasens, Stadt";"kreisfreie Stadt";"42,67";"43,01";"43,35";"43,62";"43,79";"43,90";"44,08";"44,35";"44,60";"44,89";"45,03";"45,28";"45,51";"45,70";"46,26";"46,52";"46,64";"46,71";"46,71";"46,43"
"07318";"Speyer, Stadt";"kreisfreie Stadt";"39,88";"40,15";"40,34";"40,58";"40,90";"41,13";"41,41";"41,71";"41,95";"42,23";"42,52";"42,78";"43,02";"43,28";"43,73";"43,94";"44,07";"44,37";"44,52";"44,61"
"07319";"Worms, Stadt";"kreisfreie Stadt";"40,11";"40,27";"40,52";"40,68";"40,86";"41,00";"41,13";"41,34";"41,50";"41,61";"41,79";"41,97";"42,26";"42,48";"42,83";"42,95";"42,95";"43,03";"42,97";"42,95"
"07320";"Zweibrücken, Stadt";"kreisfreie Stadt";"41,26";"41,46";"41,62";"41,72";"41,86";"41,98";"42,29";"42,56";"42,89";"43,18";"43,38";"43,60";"44,00";"44,23";"44,33";"44,49";"44,68";"44,81";"44,84";"44,79"
"07331";"Alzey-Worms";"Landkreis";"38,57";"38,75";"38,88";"39,09";"39,30";"39,58";"39,86";"40,23";"40,61";"40,97";"41,35";"41,75";"42,11";"42,41";"42,61";"42,92";"43,17";"43,40";"43,45";"43,56"
"07332";"Bad Dürkheim";"Landkreis";"40,72";"40,91";"41,10";"41,37";"41,63";"41,84";"42,15";"42,50";"42,88";"43,28";"43,61";"44,00";"44,38";"44,70";"45,07";"45,33";"45,55";"45,79";"45,89";"45,99"
"07333";"Donnersbergkreis";"Landkreis";"39,12";"39,34";"39,56";"39,79";"40,05";"40,32";"40,54";"40,81";"41,17";"41,54";"41,91";"42,23";"42,60";"43,00";"43,34";"43,64";"43,94";"44,22";"44,33";"44,54"
"07334";"Germersheim";"Landkreis";"37,75";"38,05";"38,31";"38,63";"38,90";"39,18";"39,51";"39,84";"40,21";"40,58";"40,88";"41,20";"41,60";"41,95";"42,23";"42,51";"42,76";"42,94";"43,08";"43,19"
"07335";"Kaiserslautern";"Landkreis";"39,48";"39,75";"40,04";"40,29";"40,51";"40,77";"41,02";"41,36";"41,66";"42,05";"42,33";"42,61";"42,96";"43,30";"43,53";"43,80";"44,08";"44,29";"44,29";"44,33"
"07336";"Kusel";"Landkreis";"40,51";"40,76";"41,06";"41,43";"41,68";"41,94";"42,24";"42,59";"42,94";"43,34";"43,70";"44,02";"44,33";"44,61";"44,99";"45,24";"45,50";"45,74";"45,82";"46,00"
"07337";"Südliche Weinstraße";"Landkreis";"40,07";"40,37";"40,57";"40,84";"41,14";"41,47";"41,81";"42,10";"42,46";"42,84";"43,14";"43,50";"43,84";"44,16";"44,33";"44,59";"44,83";"45,05";"45,19";"45,37"
"07338";"Rhein-Pfalz-Kreis";"Landkreis";"40,08";"40,36";"40,62";"40,92";"41,25";"41,55";"41,89";"42,25";"42,59";"42,94";"43,26";"43,58";"43,90";"44,23";"44,44";"44,63";"44,80";"44,93";"44,98";"44,97"
"07339";"Mainz-Bingen";"Landkreis";"39,04";"39,27";"39,51";"39,80";"40,01";"40,19";"40,45";"40,74";"41,04";"41,36";"41,66";"41,98";"42,29";"42,54";"42,87";"43,16";"43,39";"43,60";"43,49";"43,74"
"07340";"Südwestpfalz";"Landkreis";"40,38";"40,61";"40,91";"41,23";"41,56";"41,87";"42,26";"42,73";"43,11";"43,56";"44,00";"44,35";"44,81";"45,18";"45,52";"45,88";"46,19";"46,49";"46,66";"46,86"
"08111";"Stuttgart, Stadt";"kreisfreie Stadt";"40,87";"41,02";"41,14";"41,23";"41,29";"41,41";"41,52";"41,65";"41,77";"41,87";"41,95";"41,97";"42,06";"42,09";"41,44";"41,46";"41,49";"41,50";"41,35";"41,35"
"08115";"Böblingen";"Landkreis";"38,41";"38,58";"38,78";"39,01";"39,25";"39,49";"39,77";"40,13";"40,48";"40,81";"41,12";"41,41";"41,75";"42,06";"42,28";"42,46";"42,61";"42,75";"42,68";"42,68"
"08116";"Esslingen";"Landkreis";"39,46";"39,64";"39,80";"40,03";"40,23";"40,42";"40,66";"40,94";"41,22";"41,53";"41,78";"42,03";"42,30";"42,55";"42,58";"42,75";"42,92";"43,07";"43,06";"43,13"
"08117";"Göppingen";"Landkreis";"39,51";"39,71";"39,89";"40,11";"40,33";"40,54";"40,82";"41,12";"41,43";"41,73";"42,05";"42,36";"42,68";"42,99";"43,25";"43,47";"43,65";"43,80";"43,82";"43,85"
"08118";"Ludwigsburg";"Landkreis";"39,01";"39,20";"39,38";"39,64";"39,79";"40,00";"40,24";"40,50";"40,78";"41,09";"41,35";"41,59";"41,86";"42,12";"42,25";"42,41";"42,55";"42,69";"42,67";"42,73"
"08119";"Rems-Murr-Kreis";"Landkreis";"39,16";"39,35";"39,55";"39,78";"39,98";"40,23";"40,49";"40,83";"41,13";"41,46";"41,77";"42,09";"42,42";"42,71";"42,93";"43,18";"43,38";"43,55";"43,56";"43,59"
"08121";"Heilbronn, Stadt";"kreisfreie Stadt";"40,40";"40,69";"40,89";"41,10";"41,17";"41,28";"41,41";"41,58";"41,72";"41,91";"42,05";"42,17";"42,31";"42,46";"42,40";"42,43";"42,50";"42,42";"42,23";"42,14"
"08125";"Heilbronn";"Landkreis";"37,83";"38,01";"38,22";"38,47";"38,72";"38,97";"39,26";"39,59";"39,92";"40,27";"40,60";"40,92";"41,29";"41,63";"41,93";"42,20";"42,45";"42,62";"42,64";"42,71"
"08126";"Hohenlohekreis";"Landkreis";"38,11";"38,31";"38,52";"38,71";"38,90";"39,20";"39,47";"39,78";"40,14";"40,44";"40,72";"41,03";"41,36";"41,65";"41,89";"42,13";"42,40";"42,55";"42,60";"42,76"
"08127";"Schwäbisch Hall";"Landkreis";"38,08";"38,27";"38,47";"38,69";"38,94";"39,17";"39,45";"39,72";"40,00";"40,32";"40,59";"40,88";"41,20";"41,49";"41,76";"42,03";"42,27";"42,45";"42,49";"42,58"
"08128";"Main-Tauber-Kreis";"Landkreis";"39,39";"39,60";"39,85";"40,14";"40,39";"40,70";"40,97";"41,27";"41,62";"42,00";"42,35";"42,67";"43,02";"43,39";"43,73";"44,02";"44,25";"44,44";"44,35";"44,51"
"08135";"Heidenheim";"Landkreis";"39,52";"39,73";"40,03";"40,27";"40,53";"40,77";"41,07";"41,40";"41,74";"42,17";"42,47";"42,76";"43,09";"43,38";"43,57";"43,74";"43,88";"43,97";"43,91";"43,95"
"08136";"Ostalbkreis";"Landkreis";"38,45";"38,64";"38,86";"39,11";"39,36";"39,58";"39,85";"40,14";"40,43";"40,78";"41,09";"41,37";"41,71";"42,01";"42,24";"42,50";"42,71";"42,92";"42,87";"43,17"
"08211";"Baden-Baden, Stadt";"kreisfreie Stadt";"44,27";"44,58";"44,82";"45,03";"45,14";"45,22";"45,42";"45,55";"45,79";"46,02";"46,24";"46,46";"46,73";"46,93";"46,92";"47,03";"47,02";"47,09";"46,94";"46,97"
"08212";"Karlsruhe, Stadt";"kreisfreie Stadt";"41,26";"41,39";"41,49";"41,58";"41,67";"41,75";"41,85";"41,97";"42,08";"42,24";"42,22";"42,26";"42,31";"42,29";"41,89";"41,82";"41,82";"41,94";"41,68";"41,68"
"08215";"Karlsruhe";"Landkreis";"39,20";"39,43";"39,65";"39,90";"40,14";"40,39";"40,69";"41,02";"41,34";"41,68";"41,97";"42,26";"42,58";"42,86";"43,10";"43,32";"43,54";"43,73";"43,81";"43,86"
"08216";"Rastatt";"Landkreis";"39,79";"39,99";"40,22";"40,53";"40,74";"40,93";"41,21";"41,47";"41,74";"42,07";"42,36";"42,65";"42,95";"43,27";"43,48";"43,75";"43,99";"44,15";"44,17";"44,27"
"08221";"Heidelberg, Stadt";"kreisfreie Stadt";"39,46";"39,62";"39,73";"39,83";"39,90";"39,97";"40,10";"40,29";"40,47";"40,56";"40,69";"40,78";"40,85";"40,89";"39,79";"39,86";"39,89";"39,90";"39,93";"39,73"
"08222";"Mannheim, Stadt";"kreisfreie Stadt";"40,78";"40,97";"41,09";"41,25";"41,34";"41,48";"41,64";"41,82";"42,00";"42,20";"42,30";"42,34";"42,43";"42,52";"42,12";"42,09";"42,12";"42,07";"41,79";"41,88"
"08225";"Neckar-Odenwald-Kreis";"Landkreis";"38,83";"39,07";"39,33";"39,57";"39,84";"40,05";"40,37";"40,66";"41,01";"41,41";"41,76";"42,14";"42,48";"42,85";"43,20";"43,54";"43,83";"44,09";"44,13";"44,29"
"08226";"Rhein-Neckar-Kreis";"Landkreis";"39,70";"39,92";"40,15";"40,42";"40,65";"40,88";"41,16";"41,43";"41,72";"42,02";"42,28";"42,56";"42,81";"43,04";"43,22";"43,43";"43,60";"43,75";"43,74";"43,87"
"08231";"Pforzheim, Stadt";"kreisfreie Stadt";"40,76";"40,96";"41,16";"41,37";"41,49";"41,59";"41,77";"41,99";"42,14";"42,28";"42,47";"42,64";"42,79";"42,90";"42,89";"42,88";"42,81";"42,81";"42,51";"42,44"
"08235";"Calw";"Landkreis";"38,42";"38,67";"38,90";"39,13";"39,32";"39,55";"39,85";"40,20";"40,58";"40,99";"41,38";"41,76";"42,12";"42,49";"42,74";"43,10";"43,34";"43,51";"43,45";"43,60"
"08236";"Enzkreis";"Landkreis";"38,66";"38,83";"39,03";"39,25";"39,52";"39,81";"40,10";"40,44";"40,80";"41,21";"41,60";"41,94";"42,31";"42,67";"42,96";"43,26";"43,51";"43,72";"43,72";"43,81"
"08237";"Freudenstadt";"Landkreis";"38,41";"38,61";"38,87";"39,14";"39,32";"39,57";"39,82";"40,11";"40,38";"40,75";"41,12";"41,41";"41,79";"42,14";"42,48";"42,78";"43,07";"43,32";"43,38";"43,49"
"08311";"Freiburg im Breisgau, Stadt";"kreisfreie Stadt";"39,06";"39,23";"39,35";"39,39";"39,41";"39,52";"39,60";"39,74";"39,86";"40,00";"40,12";"40,37";"40,46";"40,54";"39,75";"39,73";"39,81";"39,88";"39,76";"39,87"
"08315";"Breisgau-Hochschwarzwald";"Landkreis";"38,71";"38,96";"39,23";"39,53";"39,80";"40,05";"40,36";"40,69";"41,02";"41,41";"41,76";"42,09";"42,45";"42,73";"42,95";"43,23";"43,46";"43,65";"43,66";"43,75"
"08316";"Emmendingen";"Landkreis";"38,68";"38,93";"39,18";"39,42";"39,63";"39,85";"40,15";"40,45";"40,78";"41,11";"41,46";"41,77";"42,09";"42,38";"42,70";"42,98";"43,24";"43,42";"43,46";"43,63"
"08317";"Ortenaukreis";"Landkreis";"38,91";"39,13";"39,37";"39,61";"39,83";"40,09";"40,36";"40,67";"40,96";"41,29";"41,56";"41,85";"42,15";"42,42";"42,74";"42,97";"43,21";"43,39";"43,43";"43,52"
"08325";"Rottweil";"Landkreis";"39,00";"39,17";"39,36";"39,57";"39,74";"39,97";"40,24";"40,52";"40,80";"41,11";"41,41";"41,70";"42,05";"42,38";"42,72";"43,04";"43,32";"43,49";"43,49";"43,52"
"08326";"Schwarzwald-Baar-Kreis";"Landkreis";"39,92";"40,13";"40,34";"40,58";"40,79";"41,02";"41,31";"41,59";"41,90";"42,23";"42,51";"42,77";"43,10";"43,39";"43,57";"43,77";"43,95";"44,08";"43,94";"44,09"
"08327";"Tuttlingen";"Landkreis";"38,52";"38,70";"38,88";"39,08";"39,25";"39,44";"39,68";"39,95";"40,24";"40,55";"40,82";"41,06";"41,36";"41,70";"41,96";"42,16";"42,30";"42,40";"42,38";"42,38"
"08335";"Konstanz";"Landkreis";"39,95";"40,11";"40,30";"40,48";"40,64";"40,80";"41,01";"41,29";"41,55";"41,89";"42,17";"42,37";"42,58";"42,79";"42,74";"42,86";"42,95";"43,07";"43,03";"43,09"
"08336";"Lörrach";"Landkreis";"39,24";"39,43";"39,65";"39,88";"40,08";"40,29";"40,58";"40,92";"41,20";"41,50";"41,75";"42,01";"42,31";"42,54";"42,65";"42,86";"42,99";"43,12";"43,14";"43,25"
"08337";"Waldshut";"Landkreis";"38,76";"39,00";"39,29";"39,58";"39,80";"40,04";"40,35";"40,69";"41,00";"41,33";"41,65";"41,94";"42,27";"42,55";"42,71";"42,97";"43,17";"43,32";"43,30";"43,43"
"08415";"Reutlingen";"Landkreis";"38,91";"39,10";"39,30";"39,50";"39,72";"39,93";"40,17";"40,50";"40,79";"41,11";"41,43";"41,73";"42,05";"42,34";"42,56";"42,79";"42,99";"43,18";"43,17";"43,22"
"08416";"Tübingen";"Landkreis";"36,91";"37,16";"37,38";"37,64";"37,86";"38,11";"38,39";"38,73";"39,03";"39,37";"39,70";"39,92";"40,11";"40,40";"40,11";"40,29";"40,50";"40,68";"40,70";"40,71"
"08417";"Zollernalbkreis";"Landkreis";"39,23";"39,46";"39,72";"39,99";"40,26";"40,49";"40,81";"41,17";"41,49";"41,84";"42,16";"42,48";"42,84";"43,17";"43,50";"43,82";"44,08";"44,15";"44,08";"44,44"
"08421";"Ulm, Stadt";"kreisfreie Stadt";"39,83";"39,94";"40,12";"40,21";"40,27";"40,41";"40,53";"40,76";"40,93";"41,12";"41,20";"41,35";"41,50";"41,56";"41,26";"41,31";"41,39";"41,47";"41,36";"41,27"
"08425";"Alb-Donau-Kreis";"Landkreis";"37,70";"37,88";"38,05";"38,26";"38,51";"38,76";"39,04";"39,34";"39,65";"40,01";"40,31";"40,59";"40,94";"41,24";"41,54";"41,83";"42,04";"42,25";"42,25";"42,40"
"08426";"Biberach";"Landkreis";"37,43";"37,60";"37,82";"38,04";"38,26";"38,50";"38,77";"39,10";"39,40";"39,73";"40,00";"40,30";"40,61";"40,90";"41,20";"41,52";"41,76";"41,90";"41,88";"41,98"
"08435";"Bodenseekreis";"Landkreis";"39,34";"39,57";"39,79";"40,06";"40,31";"40,56";"40,86";"41,18";"41,50";"41,86";"42,11";"42,34";"42,67";"42,96";"43,23";"43,48";"43,74";"43,93";"43,98";"44,16"
"08436";"Ravensburg";"Landkreis";"38,05";"38,24";"38,46";"38,67";"38,93";"39,16";"39,41";"39,69";"40,00";"40,34";"40,64";"40,92";"41,24";"41,54";"41,69";"41,86";"42,11";"42,33";"42,35";"42,47"
"08437";"Sigmaringen";"Landkreis";"37,41";"37,65";"37,92";"38,16";"38,47";"38,79";"39,14";"39,47";"39,85";"40,20";"40,58";"40,96";"41,35";"41,75";"42,05";"42,37";"42,68";"42,88";"42,71";"43,05"
"09161";"Ingolstadt, Stadt";"kreisfreie Stadt";"39,82";"40,01";"40,13";"40,23";"40,29";"40,37";"40,54";"40,75";"40,87";"41,04";"41,20";"41,34";"41,52";"41,65";"41,75";"41,82";"41,87";"41,93";"41,90";"41,85"
"09162";"München, Stadt";"kreisfreie Stadt";"41,38";"41,57";"41,59";"41,54";"41,46";"41,49";"41,50";"41,60";"41,58";"41,39";"41,31";"41,25";"41,26";"41,19";"41,48";"41,42";"41,39";"41,36";"41,30";"41,27"
"09163";"Rosenheim, Stadt";"kreisfreie Stadt";"40,68";"40,97";"41,03";"41,14";"41,33";"41,38";"41,59";"41,75";"41,91";"42,09";"42,19";"42,37";"42,49";"42,63";"42,35";"42,47";"42,57";"42,62";"42,54";"42,53"
"09171";"Altötting";"Landkreis";"39,66";"39,83";"40,06";"40,33";"40,57";"40,76";"41,01";"41,33";"41,68";"42,05";"42,33";"42,65";"42,90";"43,15";"43,44";"43,66";"43,87";"44,05";"44,02";"44,09"
"09172";"Berchtesgadener Land";"Landkreis";"41,55";"41,76";"41,88";"42,07";"42,33";"42,53";"42,76";"42,97";"43,19";"43,46";"43,65";"43,88";"44,13";"44,28";"44,17";"44,32";"44,45";"44,58";"44,62";"44,77"
"09173";"Bad Tölz-Wolfratshausen";"Landkreis";"39,80";"39,98";"40,12";"40,26";"40,40";"40,63";"40,92";"41,19";"41,44";"41,76";"42,04";"42,34";"42,63";"42,91";"43,04";"43,27";"43,45";"43,58";"43,55";"43,63"
"09174";"Dachau";"Landkreis";"38,66";"38,83";"38,98";"39,17";"39,33";"39,52";"39,75";"40,02";"40,19";"40,46";"40,66";"40,91";"41,16";"41,41";"41,49";"41,65";"41,78";"41,94";"41,94";"42,08"
"09175";"Ebersberg";"Landkreis";"38,80";"38,91";"39,07";"39,18";"39,28";"39,53";"39,85";"40,15";"40,42";"40,67";"40,89";"41,15";"41,39";"41,61";"41,64";"41,76";"41,88";"41,99";"42,01";"42,13"
"09176";"Eichstätt";"Landkreis";"37,08";"37,32";"37,50";"37,72";"37,93";"38,18";"38,47";"38,75";"39,07";"39,37";"39,65";"39,93";"40,28";"40,59";"40,80";"40,99";"41,16";"41,33";"41,36";"41,36"
"09177";"Erding";"Landkreis";"37,21";"37,37";"37,46";"37,60";"37,75";"38,01";"38,24";"38,49";"38,75";"39,06";"39,34";"39,67";"40,00";"40,28";"40,49";"40,71";"40,92";"41,18";"41,35";"41,47"
"09178";"Freising";"Landkreis";"36,76";"36,93";"37,12";"37,36";"37,53";"37,74";"37,99";"38,29";"38,58";"38,79";"38,99";"39,27";"39,63";"39,88";"39,96";"40,16";"40,29";"40,51";"40,54";"40,62"
"09179";"Fürstenfeldbruck";"Landkreis";"39,87";"40,09";"40,25";"40,44";"40,59";"40,81";"41,11";"41,40";"41,69";"42,00";"42,27";"42,52";"42,73";"42,92";"43,10";"43,24";"43,31";"43,43";"43,45";"43,41"
"09180";"Garmisch-Partenkirchen";"Landkreis";"41,59";"41,72";"41,91";"42,06";"42,19";"42,39";"42,71";"43,06";"43,40";"43,71";"43,96";"44,21";"44,49";"44,78";"45,13";"45,34";"45,50";"45,67";"45,61";"45,66"
"09181";"Landsberg am Lech";"Landkreis";"38,14";"38,31";"38,54";"38,69";"38,88";"39,09";"39,37";"39,67";"39,99";"40,37";"40,66";"41,03";"41,34";"41,64";"41,73";"42,05";"42,39";"42,61";"42,71";"42,90"
"09182";"Miesbach";"Landkreis";"40,64";"40,81";"40,98";"41,16";"41,27";"41,44";"41,68";"41,92";"42,24";"42,55";"42,86";"43,14";"43,46";"43,71";"43,82";"43,99";"44,06";"44,22";"44,27";"44,41"
"09183";"Mühldorf a.Inn";"Landkreis";"39,31";"39,54";"39,72";"39,90";"40,06";"40,23";"40,50";"40,78";"41,05";"41,43";"41,73";"42,03";"42,27";"42,49";"42,64";"42,82";"42,92";"43,04";"43,02";"43,05"
"09184";"München";"Landkreis";"40,38";"40,56";"40,68";"40,77";"40,90";"41,08";"41,32";"41,54";"41,71";"41,88";"42,01";"42,13";"42,27";"42,44";"42,42";"42,50";"42,61";"42,73";"42,62";"42,70"
"09185";"Neuburg-Schrobenhausen";"Landkreis";"38,11";"38,31";"38,51";"38,75";"38,91";"39,14";"39,39";"39,74";"40,08";"40,46";"40,75";"40,93";"41,23";"41,43";"41,71";"41,94";"42,13";"42,29";"42,35";"42,41"
"09186";"Pfaffenhofen a.d.Ilm";"Landkreis";"37,69";"37,91";"38,08";"38,29";"38,52";"38,78";"39,06";"39,34";"39,64";"40,00";"40,34";"40,66";"40,99";"41,27";"41,50";"41,67";"41,86";"41,98";"41,97";"42,19"
"09187";"Rosenheim";"Landkreis";"38,95";"39,18";"39,37";"39,56";"39,75";"39,98";"40,26";"40,57";"40,87";"41,26";"41,56";"41,88";"42,19";"42,45";"42,56";"42,84";"43,03";"43,25";"43,32";"43,55"
"09188";"Starnberg";"Landkreis";"41,30";"41,42";"41,53";"41,61";"41,71";"41,90";"42,14";"42,38";"42,55";"42,87";"43,08";"43,29";"43,55";"43,80";"43,82";"43,92";"43,99";"44,19";"44,17";"44,26"
"09189";"Traunstein";"Landkreis";"40,16";"40,38";"40,60";"40,86";"41,05";"41,30";"41,58";"41,85";"42,13";"42,49";"42,77";"43,04";"43,33";"43,61";"43,73";"43,94";"44,16";"44,32";"44,33";"44,42"
"09190";"Weilheim-Schongau";"Landkreis";"39,28";"39,43";"39,61";"39,77";"39,92";"40,14";"40,43";"40,74";"41,02";"41,38";"41,65";"41,96";"42,28";"42,57";"42,85";"43,13";"43,35";"43,56";"43,56";"43,74"
"09261";"Landshut, Stadt";"kreisfreie Stadt";"42,49";"42,74";"42,86";"42,91";"42,94";"43,14";"43,25";"43,38";"43,36";"43,39";"43,52";"43,69";"43,74";"43,73";"43,59";"43,65";"43,63";"43,61";"43,36";"43,30"
"09262";"Passau, Stadt";"kreisfreie Stadt";"41,53";"41,87";"42,03";"42,14";"42,35";"42,57";"42,79";"43,07";"43,23";"43,49";"43,60";"43,81";"43,97";"44,12";"43,57";"43,61";"43,48";"43,37";"43,25";"43,28"
"09263";"Straubing, Stadt";"kreisfreie Stadt";"41,19";"41,55";"41,89";"42,16";"42,33";"42,62";"42,79";"43,04";"43,30";"43,64";"43,78";"44,00";"44,11";"44,30";"44,22";"44,23";"44,24";"44,29";"44,18";"44,22"
"09271";"Deggendorf";"Landkreis";"38,81";"39,02";"39,25";"39,52";"39,78";"40,04";"40,35";"40,64";"40,97";"41,26";"41,56";"41,91";"42,24";"42,48";"42,69";"42,95";"43,11";"43,38";"43,44";"43,57"
"09272";"Freyung-Grafenau";"Landkreis";"38,28";"38,57";"38,90";"39,25";"39,58";"39,92";"40,27";"40,66";"41,01";"41,44";"41,87";"42,27";"42,64";"43,01";"43,35";"43,72";"44,07";"44,30";"44,45";"44,62"
"09273";"Kelheim";"Landkreis";"37,98";"38,18";"38,39";"38,62";"38,83";"39,03";"39,25";"39,56";"39,87";"40,21";"40,50";"40,76";"41,05";"41,35";"41,60";"41,82";"42,02";"42,19";"42,15";"42,24"
"09274";"Landshut";"Landkreis";"37,52";"37,72";"37,92";"38,13";"38,37";"38,60";"38,90";"39,21";"39,59";"39,99";"40,31";"40,62";"41,01";"41,32";"41,62";"41,86";"42,13";"42,31";"42,31";"42,52"
"09275";"Passau";"Landkreis";"38,55";"38,87";"39,15";"39,46";"39,80";"40,12";"40,47";"40,82";"41,19";"41,59";"41,95";"42,33";"42,66";"43,01";"43,32";"43,62";"43,86";"44,14";"44,26";"44,53"
"09276";"Regen";"Landkreis";"39,03";"39,32";"39,60";"39,86";"40,17";"40,49";"40,84";"41,26";"41,61";"42,06";"42,46";"42,81";"43,11";"43,44";"43,82";"44,13";"44,40";"44,66";"44,72";"44,80"
"09277";"Rottal-Inn";"Landkreis";"39,31";"39,55";"39,73";"39,97";"40,17";"40,42";"40,70";"41,02";"41,36";"41,70";"42,00";"42,28";"42,61";"42,88";"43,18";"43,35";"43,55";"43,71";"43,77";"43,98"
"09278";"Straubing-Bogen";"Landkreis";"38,17";"38,30";"38,51";"38,76";"38,95";"39,17";"39,41";"39,73";"40,10";"40,44";"40,81";"41,13";"41,49";"41,80";"42,08";"42,35";"42,65";"42,82";"42,97";"43,16"
"09279";"Dingolfing-Landau";"Landkreis";"38,39";"38,52";"38,71";"38,95";"39,20";"39,41";"39,67";"39,98";"40,35";"40,77";"41,09";"41,42";"41,78";"42,02";"42,23";"42,41";"42,53";"42,66";"42,80";"42,93"
"09361";"Amberg, Stadt";"kreisfreie Stadt";"41,64";"41,81";"41,90";"41,99";"42,09";"42,28";"42,48";"42,77";"43,00";"43,32";"43,55";"43,69";"43,91";"44,05";"44,45";"44,73";"44,87";"45,08";"45,04";"44,92"
"09362";"Regensburg, Stadt";"kreisfreie Stadt";"41,47";"41,52";"41,60";"41,72";"41,64";"41,70";"41,79";"41,90";"41,94";"41,91";"41,89";"41,92";"41,97";"41,95";"41,40";"41,34";"41,35";"41,31";"41,14";"41,02"
"09363";"Weiden i.d.OPf., Stadt";"kreisfreie Stadt";"41,17";"41,32";"41,56";"41,73";"41,78";"42,03";"42,23";"42,53";"42,81";"43,12";"43,33";"43,53";"43,80";"43,88";"44,41";"44,62";"44,81";"44,91";"44,91";"44,84"
"09371";"Amberg-Sulzbach";"Landkreis";"38,35";"38,59";"38,83";"39,11";"39,41";"39,69";"40,02";"40,41";"40,84";"41,20";"41,61";"41,97";"42,35";"42,70";"43,06";"43,37";"43,71";"44,02";"44,11";"44,41"
"09372";"Cham";"Landkreis";"38,71";"38,99";"39,28";"39,59";"39,85";"40,15";"40,47";"40,80";"41,12";"41,52";"41,89";"42,19";"42,55";"42,81";"43,07";"43,31";"43,58";"43,83";"43,99";"44,13"
"09373";"Neumarkt i.d.OPf.";"Landkreis";"37,37";"37,59";"37,83";"38,09";"38,36";"38,72";"38,99";"39,37";"39,77";"40,14";"40,50";"40,86";"41,18";"41,48";"41,78";"42,12";"42,38";"42,56";"42,62";"42,81"
"09374";"Neustadt a.d.Waldnaab";"Landkreis";"38,27";"38,44";"38,71";"38,96";"39,25";"39,54";"39,90";"40,22";"40,58";"40,94";"41,31";"41,65";"42,01";"42,39";"42,71";"43,01";"43,34";"43,65";"43,83";"44,17"
"09375";"Regensburg";"Landkreis";"37,68";"37,90";"38,13";"38,40";"38,67";"38,96";"39,27";"39,59";"39,95";"40,33";"40,69";"41,02";"41,38";"41,71";"42,03";"42,28";"42,49";"42,72";"42,84";"43,00"
"09376";"Schwandorf";"Landkreis";"39,02";"39,27";"39,53";"39,78";"39,99";"40,24";"40,52";"40,82";"41,14";"41,47";"41,79";"42,10";"42,41";"42,66";"43,01";"43,23";"43,47";"43,66";"43,72";"43,86"
"09377";"Tirschenreuth";"Landkreis";"39,39";"39,60";"39,96";"40,27";"40,53";"40,82";"41,16";"41,58";"41,95";"42,36";"42,72";"43,05";"43,37";"43,71";"44,04";"44,37";"44,64";"44,90";"45,00";"45,14"
"09461";"Bamberg, Stadt";"kreisfreie Stadt";"42,08";"42,24";"42,38";"42,46";"42,50";"42,58";"42,62";"42,73";"42,86";"43,11";"43,10";"43,17";"43,32";"43,38";"42,81";"42,88";"42,87";"42,92";"42,71";"42,23"
"09462";"Bayreuth, Stadt";"kreisfreie Stadt";"41,00";"41,11";"41,18";"41,30";"41,41";"41,58";"41,69";"41,88";"42,14";"42,34";"42,52";"42,62";"42,81";"42,91";"43,05";"43,11";"43,22";"43,37";"43,36";"43,26"
"09463";"Coburg, Stadt";"kreisfreie Stadt";"42,29";"42,49";"42,65";"42,98";"43,10";"43,31";"43,58";"43,86";"44,08";"44,36";"44,55";"44,46";"44,58";"44,66";"44,70";"44,74";"44,91";"45,04";"45,03";"45,21"
"09464";"Hof, Stadt";"kreisfreie Stadt";"42,32";"42,47";"42,79";"43,03";"43,16";"43,43";"43,69";"44,01";"44,20";"44,47";"44,64";"44,86";"45,05";"45,17";"45,47";"45,50";"45,55";"45,72";"45,62";"45,38"
"09471";"Bamberg";"Landkreis";"36,98";"37,26";"37,54";"37,86";"38,18";"38,47";"38,82";"39,19";"39,57";"39,94";"40,32";"40,67";"41,03";"41,39";"41,76";"42,09";"42,38";"42,67";"42,85";"43,06"
"09472";"Bayreuth";"Landkreis";"39,23";"39,52";"39,80";"40,08";"40,37";"40,67";"40,98";"41,28";"41,63";"41,99";"42,34";"42,67";"42,97";"43,23";"43,59";"43,92";"44,20";"44,45";"44,71";"45,01"
"09473";"Coburg";"Landkreis";"39,64";"39,83";"40,15";"40,44";"40,79";"41,08";"41,40";"41,78";"42,14";"42,48";"42,87";"43,23";"43,58";"43,99";"44,37";"44,73";"45,03";"45,22";"45,37";"45,47"
"09474";"Forchheim";"Landkreis";"37,93";"38,16";"38,44";"38,74";"39,05";"39,35";"39,71";"40,05";"40,39";"40,76";"41,11";"41,45";"41,83";"42,20";"42,56";"42,79";"43,08";"43,34";"43,45";"43,67"
"09475";"Hof";"Landkreis";"41,65";"41,91";"42,16";"42,41";"42,69";"42,91";"43,24";"43,57";"43,90";"44,25";"44,57";"44,87";"45,26";"45,60";"45,96";"46,26";"46,50";"46,74";"46,88";"47,10"
"09476";"Kronach";"Landkreis";"40,68";"40,92";"41,19";"41,46";"41,68";"42,00";"42,32";"42,63";"43,04";"43,43";"43,76";"44,09";"44,46";"44,78";"45,15";"45,50";"45,85";"46,20";"46,37";"46,57"
"09477";"Kulmbach";"Landkreis";"40,74";"40,94";"41,14";"41,37";"41,65";"41,94";"42,27";"42,64";"42,94";"43,28";"43,57";"43,86";"44,17";"44,45";"44,90";"45,21";"45,50";"45,79";"45,96";"46,26"
"09478";"Lichtenfels";"Landkreis";"39,53";"39,73";"39,98";"40,26";"40,55";"40,86";"41,23";"41,61";"42,00";"42,44";"42,81";"43,12";"43,42";"43,72";"44,13";"44,32";"44,62";"44,89";"44,99";"45,16"
"09479";"Wunsiedel i.Fichtelgebirge";"Landkreis";"42,55";"42,79";"43,02";"43,26";"43,50";"43,81";"44,13";"44,48";"44,78";"45,12";"45,46";"45,80";"46,09";"46,28";"46,68";"46,93";"47,20";"47,43";"47,47";"47,39"
"09561";"Ansbach, Stadt";"kreisfreie Stadt";"41,34";"41,45";"41,53";"41,74";"41,89";"42,08";"42,20";"42,48";"42,68";"42,93";"43,19";"43,29";"43,57";"43,79";"43,78";"43,93";"43,96";"43,99";"43,75";"43,67"
"09562";"Erlangen, Stadt";"kreisfreie Stadt";"39,96";"40,12";"40,36";"40,59";"40,66";"40,76";"40,90";"41,16";"41,23";"41,36";"41,47";"41,54";"41,60";"41,70";"41,22";"41,22";"41,36";"41,38";"41,15";"40,99"
"09563";"Fürth, Stadt";"kreisfreie Stadt";"40,22";"40,40";"40,48";"40,55";"40,62";"40,70";"40,97";"41,16";"41,32";"41,53";"41,72";"41,98";"42,17";"42,28";"42,34";"42,34";"42,37";"42,43";"42,36";"42,40"
"09564";"Nürnberg, Stadt";"kreisfreie Stadt";"41,85";"42,08";"42,24";"42,33";"42,41";"42,47";"42,61";"42,74";"42,78";"42,89";"42,95";"43,01";"43,10";"43,17";"43,05";"43,04";"43,03";"43,00";"42,79";"42,75"
"09565";"Schwabach, Stadt";"kreisfreie Stadt";"40,51";"40,72";"40,87";"40,98";"41,02";"41,30";"41,60";"41,93";"42,14";"42,37";"42,66";"42,91";"43,16";"43,26";"43,58";"43,69";"43,85";"43,93";"43,88";"43,98"
"09571";"Ansbach";"Landkreis";"38,05";"38,27";"38,53";"38,77";"39,08";"39,39";"39,68";"40,00";"40,36";"40,71";"41,06";"41,41";"41,76";"42,05";"42,36";"42,64";"42,87";"43,12";"43,17";"43,32"
"09572";"Erlangen-Höchstadt";"Landkreis";"37,66";"37,95";"38,26";"38,58";"38,90";"39,29";"39,70";"40,12";"40,53";"40,90";"41,24";"41,55";"41,90";"42,20";"42,50";"42,79";"43,01";"43,26";"43,30";"43,45"
"09573";"Fürth";"Landkreis";"39,56";"39,79";"40,21";"40,60";"40,84";"41,17";"41,41";"41,86";"42,27";"42,58";"42,88";"43,19";"43,52";"43,81";"43,97";"44,17";"44,38";"44,82";"44,98";"44,94"
"09574";"Nürnberger Land";"Landkreis";"40,13";"40,37";"40,63";"40,87";"41,10";"41,38";"41,66";"41,98";"42,33";"42,69";"43,03";"43,30";"43,61";"43,91";"44,09";"44,31";"44,50";"44,67";"44,66";"44,70"
"09575";"Neustadt a.d.Aisch-Bad Windsheim";"Landkreis";"38,99";"39,13";"39,31";"39,50";"39,73";"40,02";"40,25";"40,57";"40,89";"41,26";"41,62";"41,93";"42,31";"42,61";"42,89";"43,19";"43,50";"43,72";"43,77";"43,84"
"09576";"Roth";"Landkreis";"38,46";"38,64";"38,81";"39,11";"39,41";"39,72";"40,04";"40,45";"40,81";"41,22";"41,53";"41,89";"42,25";"42,52";"42,80";"43,10";"43,36";"43,62";"43,70";"43,89"
"09577";"Weißenburg-Gunzenhausen";"Landkreis";"39,33";"39,56";"39,78";"40,02";"40,22";"40,43";"40,70";"41,02";"41,33";"41,72";"42,03";"42,38";"42,70";"42,98";"43,37";"43,64";"43,89";"44,10";"44,16";"44,27"
"09661";"Aschaffenburg, Stadt";"kreisfreie Stadt";"40,50";"40,61";"40,88";"40,97";"41,08";"41,25";"41,54";"41,78";"41,99";"42,18";"42,41";"42,56";"42,81";"43,05";"43,13";"43,30";"43,46";"43,62";"43,60";"43,64"
"09662";"Schweinfurt, Stadt";"kreisfreie Stadt";"42,30";"42,55";"42,90";"43,12";"43,20";"43,34";"43,56";"43,72";"43,89";"44,10";"44,25";"44,42";"44,56";"44,73";"44,71";"44,78";"44,97";"45,15";"45,04";"44,84"
"09663";"Würzburg, Stadt";"kreisfreie Stadt";"41,21";"41,40";"41,28";"41,33";"41,26";"41,27";"41,24";"41,33";"41,44";"41,49";"41,60";"41,86";"42,03";"42,09";"42,12";"42,21";"42,28";"42,44";"42,41";"42,27"
"09671";"Aschaffenburg";"Landkreis";"38,40";"38,70";"38,96";"39,31";"39,62";"39,93";"40,28";"40,67";"41,07";"41,47";"41,80";"42,13";"42,51";"42,85";"43,25";"43,53";"43,80";"44,08";"44,22";"44,41"
"09672";"Bad Kissingen";"Landkreis";"39,95";"40,23";"40,62";"40,89";"41,22";"41,51";"41,83";"42,17";"42,53";"42,94";"43,32";"43,73";"44,06";"44,39";"44,74";"45,07";"45,37";"45,64";"45,75";"45,93"
"09673";"Rhön-Grabfeld";"Landkreis";"38,39";"38,61";"38,97";"39,32";"39,66";"39,94";"40,24";"40,60";"41,00";"41,46";"41,87";"42,28";"42,69";"43,05";"43,37";"43,69";"43,95";"44,30";"44,39";"44,57"
"09674";"Haßberge";"Landkreis";"38,36";"38,58";"38,81";"39,05";"39,37";"39,67";"39,98";"40,36";"40,69";"41,12";"41,52";"41,83";"42,22";"42,50";"42,82";"43,10";"43,39";"43,62";"43,75";"44,01"
"09675";"Kitzingen";"Landkreis";"38,52";"38,81";"39,12";"39,36";"39,65";"39,89";"40,15";"40,52";"40,82";"41,18";"41,47";"41,86";"42,18";"42,54";"42,91";"43,18";"43,43";"43,66";"43,67";"43,77"
"09676";"Miltenberg";"Landkreis";"38,01";"38,28";"38,56";"38,84";"39,16";"39,48";"39,83";"40,18";"40,56";"41,00";"41,37";"41,70";"42,07";"42,42";"42,79";"43,10";"43,39";"43,68";"43,85";"44,08"
"09677";"Main-Spessart";"Landkreis";"39,05";"39,33";"39,63";"39,93";"40,23";"40,50";"40,84";"41,22";"41,59";"42,01";"42,36";"42,71";"43,12";"43,50";"43,88";"44,24";"44,55";"44,90";"45,07";"45,24"
"09678";"Schweinfurt";"Landkreis";"38,60";"38,80";"39,11";"39,36";"39,70";"40,04";"40,41";"40,81";"41,24";"41,66";"42,05";"42,43";"42,82";"43,16";"43,40";"43,75";"43,98";"44,15";"44,18";"44,36"
"09679";"Würzburg";"Landkreis";"38,34";"38,56";"38,85";"39,16";"39,49";"39,79";"40,16";"40,49";"40,83";"41,19";"41,52";"41,89";"42,24";"42,55";"42,82";"43,18";"43,41";"43,65";"43,81";"43,96"
"09761";"Augsburg, Stadt";"kreisfreie Stadt";"41,48";"41,67";"41,79";"41,91";"41,92";"42,01";"42,15";"42,22";"42,20";"42,34";"42,42";"42,52";"42,64";"42,70";"42,58";"42,58";"42,54";"42,52";"42,39";"42,33"
"09762";"Kaufbeuren, Stadt";"kreisfreie Stadt";"41,89";"42,09";"42,26";"42,42";"42,38";"42,50";"42,66";"42,84";"43,12";"43,38";"43,40";"43,60";"43,71";"43,86";"44,23";"44,37";"44,48";"44,50";"44,44";"44,46"
"09763";"Kempten (Allgäu), Stadt";"kreisfreie Stadt";"41,83";"41,97";"42,06";"42,30";"42,48";"42,60";"42,77";"42,81";"43,03";"43,19";"43,31";"43,30";"43,46";"43,55";"43,64";"43,77";"43,80";"43,84";"43,64";"43,66"
"09764";"Memmingen, Stadt";"kreisfreie Stadt";"40,80";"40,98";"41,10";"41,39";"41,52";"41,67";"41,88";"42,09";"42,36";"42,54";"42,70";"42,83";"42,95";"43,15";"43,40";"43,52";"43,66";"43,66";"43,59";"43,70"
"09771";"Aichach-Friedberg";"Landkreis";"37,69";"37,92";"38,16";"38,35";"38,64";"38,90";"39,17";"39,56";"39,90";"40,30";"40,64";"40,97";"41,32";"41,67";"41,95";"42,23";"42,44";"42,68";"42,72";"42,94"
"09772";"Augsburg";"Landkreis";"38,13";"38,35";"38,64";"38,94";"39,24";"39,51";"39,80";"40,13";"40,49";"40,89";"41,28";"41,61";"41,94";"42,25";"42,52";"42,78";"42,99";"43,18";"43,24";"43,37"
"09773";"Dillingen a.d.Donau";"Landkreis";"37,80";"38,04";"38,24";"38,52";"38,74";"38,94";"39,20";"39,48";"39,79";"40,09";"40,45";"40,81";"41,16";"41,53";"42,00";"42,34";"42,66";"42,91";"42,98";"43,25"
"09774";"Günzburg";"Landkreis";"38,07";"38,26";"38,50";"38,72";"38,95";"39,18";"39,42";"39,75";"40,04";"40,42";"40,73";"41,06";"41,39";"41,64";"41,85";"42,15";"42,39";"42,59";"42,68";"42,90"
"09775";"Neu-Ulm";"Landkreis";"38,79";"39,04";"39,25";"39,52";"39,74";"39,95";"40,19";"40,48";"40,82";"41,12";"41,40";"41,60";"41,85";"42,10";"42,27";"42,46";"42,66";"42,85";"42,85";"43,04"
"09776";"Lindau (Bodensee)";"Landkreis";"40,51";"40,60";"40,78";"40,95";"41,09";"41,30";"41,47";"41,79";"42,00";"42,30";"42,57";"42,87";"43,19";"43,43";"43,57";"43,82";"44,06";"44,29";"44,24";"44,43"
"09777";"Ostallgäu";"Landkreis";"38,83";"39,01";"39,20";"39,37";"39,64";"39,86";"40,12";"40,39";"40,69";"41,04";"41,36";"41,71";"42,04";"42,33";"42,56";"42,80";"43,00";"43,19";"43,24";"43,40"
"09778";"Unterallgäu";"Landkreis";"38,67";"38,89";"39,04";"39,21";"39,46";"39,73";"39,98";"40,33";"40,69";"41,05";"41,34";"41,63";"42,01";"42,29";"42,56";"42,80";"43,06";"43,31";"43,32";"43,47"
"09779";"Donau-Ries";"Landkreis";"38,48";"38,66";"38,86";"39,07";"39,32";"39,52";"39,75";"40,03";"40,32";"40,68";"40,99";"41,32";"41,61";"41,89";"42,13";"42,31";"42,53";"42,72";"42,86";"42,99"
"09780";"Oberallgäu";"Landkreis";"39,25";"39,48";"39,72";"39,92";"40,14";"40,42";"40,73";"41,08";"41,49";"41,89";"42,20";"42,52";"42,86";"43,22";"43,58";"43,83";"44,07";"44,34";"44,42";"44,56"
"10041";"Regionalverband Saarbrücken";"Landkreis";"41,59";"41,86";"42,06";"42,31";"42,53";"42,75";"42,95";"43,19";"43,42";"43,66";"43,87";"44,03";"44,25";"44,43";"44,63";"44,80";"44,96";"45,08";"45,01";"44,94"
"10042";"Merzig-Wadern";"Landkreis";"40,14";"40,40";"40,74";"40,99";"41,27";"41,50";"41,78";"42,11";"42,36";"42,72";"43,01";"43,32";"43,70";"43,99";"44,19";"44,54";"44,84";"45,16";"45,14";"45,33"
"10043";"Neunkirchen";"Landkreis";"41,25";"41,56";"41,84";"42,12";"42,43";"42,70";"43,01";"43,33";"43,64";"43,98";"44,26";"44,56";"44,89";"45,19";"45,66";"45,94";"46,22";"46,40";"46,36";"46,30"
"10044";"Saarlouis";"Landkreis";"40,50";"40,89";"41,17";"41,52";"41,77";"42,01";"42,29";"42,65";"42,99";"43,34";"43,65";"43,99";"44,35";"44,65";"45,08";"45,37";"45,60";"45,81";"45,78";"45,90"
"10045";"Saarpfalz-Kreis";"Landkreis";"41,23";"41,46";"41,70";"41,99";"42,29";"42,60";"42,92";"43,31";"43,64";"43,98";"44,30";"44,59";"44,93";"45,22";"45,63";"45,93";"46,17";"46,40";"46,33";"46,45"
"10046";"St. Wendel";"Landkreis";"40,39";"40,69";"41,01";"41,31";"41,63";"41,90";"42,24";"42,56";"42,93";"43,35";"43,70";"44,10";"44,47";"44,82";"45,34";"45,70";"46,07";"46,40";"46,40";"46,62"
"11000";"Berlin, Stadt";"kreisfreie Stadt";"39,86";"40,11";"40,34";"40,60";"40,80";"41,00";"41,25";"41,52";"41,76";"41,97";"42,12";"42,24";"42,36";"42,41";"42,43";"42,41";"42,41";"42,40";"42,35";"42,22"
"12051";"Brandenburg an der Havel, Stadt";"kreisfreie Stadt";"41,10";"41,67";"42,24";"42,80";"43,33";"43,81";"44,25";"44,70";"45,13";"45,53";"45,93";"46,27";"46,49";"46,77";"46,95";"47,19";"47,42";"47,58";"47,58";"47,67"
"12052";"Cottbus, Stadt";"kreisfreie Stadt";"38,66";"39,30";"40,01";"40,63";"41,10";"41,75";"42,31";"42,78";"43,27";"43,78";"44,23";"44,64";"44,91";"45,05";"45,26";"45,46";"45,70";"46,00";"46,16";"46,09"
"12053";"Frankfurt (Oder), Stadt";"kreisfreie Stadt";"38,04";"38,66";"39,35";"39,99";"40,62";"41,30";"41,91";"42,66";"43,36";"43,92";"44,34";"44,72";"45,11";"45,45";"45,67";"46,05";"46,39";"46,71";"46,73";"46,73"
"12054";"Potsdam, Stadt";"kreisfreie Stadt";"39,79";"40,18";"40,54";"40,79";"40,68";"40,97";"41,15";"41,42";"41,61";"41,80";"41,92";"42,04";"42,19";"42,27";"42,04";"42,20";"42,32";"42,40";"42,38";"42,29"
"12060";"Barnim";"Landkreis";"39,43";"39,76";"40,10";"40,53";"40,78";"41,26";"41,68";"42,13";"42,63";"43,07";"43,52";"43,95";"44,55";"44,97";"45,41";"45,67";"45,94";"46,12";"46,20";"46,26"
"12061";"Dahme-Spreewald";"Landkreis";"40,16";"40,54";"40,93";"41,36";"41,79";"42,22";"42,69";"43,13";"43,58";"44,04";"44,42";"44,80";"45,13";"45,45";"45,71";"45,98";"46,22";"46,37";"46,37";"46,45"
"12062";"Elbe-Elster";"Landkreis";"40,33";"40,72";"41,22";"41,74";"42,32";"42,85";"43,29";"43,78";"44,35";"44,97";"45,54";"46,05";"46,55";"46,95";"47,41";"47,81";"48,19";"48,58";"48,75";"48,79"
"12063";"Havelland";"Landkreis";"39,58";"39,75";"39,98";"40,21";"40,54";"40,93";"41,35";"41,76";"42,16";"42,58";"43,02";"43,42";"43,84";"44,18";"44,57";"44,86";"45,09";"45,27";"45,29";"45,40"
"12064";"Märkisch-Oderland";"Landkreis";"39,34";"39,65";"40,02";"40,49";"41,15";"41,61";"42,06";"42,57";"43,10";"43,58";"44,07";"44,61";"44,93";"45,36";"45,79";"46,13";"46,37";"46,60";"46,67";"46,83"
"12065";"Oberhavel";"Landkreis";"39,75";"40,00";"40,29";"40,67";"41,05";"41,42";"41,78";"42,18";"42,56";"42,97";"43,33";"43,71";"44,05";"44,36";"44,77";"45,06";"45,29";"45,46";"45,55";"45,69"
"12066";"Oberspreewald-Lausitz";"Landkreis";"40,36";"40,83";"41,37";"41,95";"42,59";"43,15";"43,72";"44,33";"44,89";"45,45";"45,99";"46,49";"46,92";"47,34";"47,70";"48,04";"48,34";"48,64";"48,79";"48,88"
"12067";"Oder-Spree";"Landkreis";"39,49";"39,93";"40,45";"40,92";"41,46";"42,01";"42,54";"43,09";"43,63";"44,17";"44,61";"45,11";"45,58";"46,01";"46,69";"47,00";"47,20";"47,33";"46,92";"47,61"
"12068";"Ostprignitz-Ruppin";"Landkreis";"38,95";"39,37";"39,93";"40,50";"41,04";"41,58";"42,10";"42,71";"43,25";"43,78";"44,30";"44,79";"45,30";"45,68";"46,30";"46,66";"46,91";"47,14";"47,29";"47,36"
"12069";"Potsdam-Mittelmark";"Landkreis";"39,46";"39,59";"39,83";"40,16";"40,82";"41,14";"41,54";"41,96";"42,41";"42,85";"43,21";"43,57";"43,97";"44,32";"44,60";"44,84";"45,11";"45,28";"45,32";"45,50"
"12070";"Prignitz";"Landkreis";"40,56";"41,03";"41,52";"42,07";"42,66";"43,22";"43,73";"44,33";"44,94";"45,45";"45,98";"46,53";"47,00";"47,36";"47,91";"48,23";"48,53";"48,80";"48,82";"48,79"
"12071";"Spree-Neiße";"Landkreis";"39,67";"40,05";"40,47";"41,01";"41,76";"42,25";"42,87";"43,46";"44,14";"44,74";"45,30";"45,82";"46,40";"46,93";"47,48";"47,86";"48,24";"48,59";"48,74";"48,96"
"12072";"Teltow-Fläming";"Landkreis";"39,47";"39,69";"40,00";"40,39";"40,80";"41,25";"41,66";"42,07";"42,50";"42,88";"43,29";"43,61";"44,01";"44,39";"44,76";"45,07";"45,28";"45,47";"45,51";"45,60"
"12073";"Uckermark";"Landkreis";"38,95";"39,49";"40,07";"40,68";"41,36";"42,03";"42,64";"43,22";"43,82";"44,42";"45,00";"45,58";"46,05";"46,47";"47,04";"47,45";"47,82";"48,11";"48,21";"48,40"
"13003";"Rostock, Stadt";"kreisfreie Stadt";"39,80";"40,40";"40,98";"41,50";"41,94";"42,37";"42,67";"42,88";"43,19";"43,46";"43,68";"43,86";"44,05";"44,15";"43,97";"44,11";"44,27";"44,44";"44,48";"44,50"
"13004";"Schwerin, Stadt";"kreisfreie Stadt";"39,52";"40,16";"40,83";"41,38";"41,87";"42,42";"42,92";"43,36";"43,78";"44,17";"44,58";"44,93";"45,24";"45,46";"45,65";"45,87";"46,06";"46,20";"45,29";"45,66"
"13071";"Mecklenburgische Seenplatte";"Landkreis";"38,46";"38,95";"39,51";"40,06";"40,65";"41,23";"41,80";"42,39";"42,97";"43,54";"44,09";"44,64";"45,14";"45,54";"45,98";"46,36";"46,67";"46,97";"47,07";"47,27"
"13072";"Landkreis Rostock";"Landkreis";"38,04";"38,47";"38,96";"39,51";"40,07";"40,63";"41,16";"41,74";"42,32";"42,89";"43,46";"44,00";"44,52";"44,91";"45,33";"45,66";"45,96";"46,16";"46,24";"46,41"
"13073";"Vorpommern-Rügen";"Landkreis";"39,37";"39,88";"40,36";"40,88";"41,42";"41,97";"42,52";"43,08";"43,67";"44,18";"44,67";"45,15";"45,56";"45,95";"46,37";"46,71";"46,95";"47,18";"47,32";"47,50"
"13074";"Nordwestmecklenburg";"Landkreis";"38,73";"39,07";"39,50";"39,95";"40,41";"40,83";"41,26";"41,71";"42,17";"42,67";"43,11";"43,54";"43,96";"44,33";"44,63";"44,95";"45,25";"45,49";"45,65";"45,80"
"13075";"Vorpommern-Greifswald";"Landkreis";"38,83";"39,35";"39,87";"40,42";"41,01";"41,60";"42,12";"42,67";"43,14";"43,59";"44,02";"44,45";"44,86";"45,19";"45,38";"45,72";"45,96";"46,25";"46,37";"46,64"
"13076";"Ludwigslust-Parchim";"Landkreis";"38,39";"38,80";"39,24";"39,73";"40,23";"40,74";"41,30";"41,89";"42,46";"43,04";"43,56";"44,11";"44,59";"45,00";"45,42";"45,74";"45,98";"46,17";"46,21";"46,54"
"14511";"Chemnitz, Stadt";"kreisfreie Stadt";"43,72";"43,34";"43,74";"44,19";"44,55";"45,00";"45,36";"45,72";"46,09";"46,30";"46,48";"46,65";"46,84";"46,91";"46,69";"46,69";"46,66";"46,65";"46,23";"46,50"
"14521";"Erzgebirgskreis";"Landkreis";"40,86";"41,84";"42,26";"42,72";"43,13";"43,57";"43,96";"44,39";"44,83";"45,27";"45,65";"46,02";"46,41";"46,72";"47,11";"47,38";"47,61";"47,79";"47,96";"48,20"
"14522";"Mittelsachsen";"Landkreis";"41,49";"41,78";"42,18";"42,64";"43,05";"43,51";"43,92";"44,38";"44,81";"45,27";"45,65";"46,02";"46,37";"46,68";"46,96";"47,17";"47,38";"47,56";"47,61";"47,78"
"14523";"Vogtlandkreis";"Landkreis";"42,83";"43,12";"43,47";"43,81";"44,15";"44,54";"44,90";"45,29";"45,68";"46,09";"46,45";"46,82";"47,18";"47,51";"47,88";"48,12";"48,40";"48,65";"48,72";"48,89"
"14524";"Zwickau";"Landkreis";"42,47";"42,71";"43,11";"43,48";"43,86";"44,26";"44,60";"45,00";"45,42";"45,81";"46,14";"46,47";"46,80";"47,11";"47,51";"47,76";"47,95";"48,14";"48,18";"48,36"
"14612";"Dresden, Stadt";"kreisfreie Stadt";"41,48";"41,59";"41,82";"42,02";"42,20";"42,45";"42,59";"42,75";"42,73";"42,64";"42,70";"42,70";"42,72";"42,70";"42,68";"42,58";"42,54";"42,57";"42,50";"42,54"
"14625";"Bautzen";"Landkreis";"40,17";"40,50";"40,96";"41,48";"41,96";"42,52";"43,01";"43,49";"43,99";"44,51";"44,96";"45,40";"45,81";"46,19";"46,59";"46,86";"47,11";"47,35";"47,45";"47,61"
"14626";"Görlitz";"Landkreis";"41,00";"41,42";"41,93";"42,46";"43,02";"43,61";"44,10";"44,60";"45,15";"45,68";"46,12";"46,54";"46,95";"47,30";"47,66";"47,95";"48,19";"48,42";"48,48";"48,67"
"14627";"Meißen";"Landkreis";"39,67";"41,32";"41,78";"42,22";"42,64";"43,11";"43,52";"43,92";"44,37";"44,82";"45,19";"45,59";"45,97";"46,27";"46,63";"46,88";"47,07";"47,23";"47,25";"47,50"
"14628";"Sächsische Schweiz-Osterzgebirge";"Landkreis";"41,98";"41,43";"41,89";"42,29";"42,72";"43,14";"43,53";"43,94";"44,35";"44,80";"45,16";"45,50";"45,85";"46,15";"46,52";"46,71";"46,84";"47,00";"46,97";"47,21"
"14713";"Leipzig, Stadt";"kreisfreie Stadt";"41,72";"42,23";"42,55";"42,76";"42,93";"43,13";"43,28";"43,44";"43,52";"43,57";"43,62";"43,63";"43,66";"43,58";"43,39";"43,19";"42,99";"42,77";"42,44";"42,24"
"14729";"Leipzig";"Landkreis";"41,14";"41,21";"41,40";"41,82";"42,24";"42,72";"43,13";"43,61";"44,06";"44,52";"44,93";"45,34";"45,74";"46,09";"46,50";"46,77";"47,02";"47,21";"47,27";"47,42"
"14730";"Nordsachsen";"Landkreis";"39,88";"40,11";"40,62";"41,10";"41,57";"42,07";"42,56";"43,03";"43,56";"44,04";"44,53";"44,98";"45,41";"45,81";"46,29";"46,61";"46,88";"47,10";"47,18";"47,24"
"15001";"Dessau-Roßlau, Stadt";"kreisfreie Stadt";"41,85";"42,32";"42,81";"43,41";"43,92";"44,42";"44,94";"45,47";"46,10";"46,56";"47,02";"47,46";"47,86";"48,18";"48,47";"48,76";"49,08";"49,37";"49,45";"49,54"
"15002";"Halle (Saale), Stadt";"kreisfreie Stadt";"40,44";"40,89";"41,40";"41,92";"42,37";"42,80";"42,92";"43,20";"43,46";"43,77";"43,99";"44,20";"44,32";"44,34";"44,40";"44,40";"44,44";"44,50";"44,19";"44,15"
"15003";"Magdeburg, Stadt";"kreisfreie Stadt";"41,31";"41,82";"42,30";"42,81";"43,21";"43,53";"43,83";"44,10";"44,11";"44,29";"44,40";"44,53";"44,68";"44,75";"44,82";"44,88";"44,91";"44,94";"44,79";"44,61"
"15081";"Altmarkkreis Salzwedel";"Landkreis";"39,01";"39,57";"39,96";"40,38";"40,78";"41,23";"41,70";"42,17";"42,66";"43,21";"43,73";"44,25";"44,70";"45,03";"45,46";"45,78";"46,09";"46,27";"46,31";"46,64"
"15082";"Anhalt-Bitterfeld";"Landkreis";"40,90";"41,31";"41,73";"42,24";"42,73";"43,24";"43,76";"44,33";"44,81";"45,28";"45,73";"46,12";"46,49";"46,85";"47,28";"47,62";"47,87";"48,16";"48,22";"48,46"
"15083";"Börde";"Landkreis";"39,61";"39,92";"40,26";"40,63";"41,05";"41,43";"41,90";"42,39";"42,92";"43,39";"43,81";"44,27";"44,67";"45,05";"45,37";"45,67";"45,95";"46,14";"46,18";"46,37"
"15084";"Burgenlandkreis";"Landkreis";"41,64";"42,02";"42,43";"42,87";"43,35";"43,83";"44,28";"44,73";"45,23";"45,67";"46,13";"46,54";"46,91";"47,22";"47,71";"47,99";"48,15";"48,33";"48,32";"48,45"
"15085";"Harz";"Landkreis";"41,07";"41,47";"41,90";"42,38";"42,84";"43,27";"43,73";"44,26";"44,70";"45,16";"45,58";"45,98";"46,38";"46,73";"47,27";"47,57";"47,84";"48,03";"47,84";"48,10"
"15086";"Jerichower Land";"Landkreis";"39,91";"40,33";"40,74";"41,17";"41,64";"42,18";"42,70";"43,25";"43,79";"44,30";"44,82";"45,25";"45,64";"45,99";"46,54";"46,90";"47,13";"47,39";"47,35";"47,53"
"15087";"Mansfeld-Südharz";"Landkreis";"41,43";"41,82";"42,28";"42,78";"43,60";"44,05";"44,54";"45,07";"45,62";"46,11";"46,28";"46,80";"47,25";"47,60";"48,11";"48,38";"48,65";"48,88";"49,00";"49,25"
"15088";"Saalekreis";"Landkreis";"40,59";"40,81";"41,13";"41,53";"41,73";"42,17";"42,65";"43,11";"43,58";"44,01";"44,67";"45,07";"45,46";"45,78";"46,20";"46,50";"46,77";"46,98";"47,04";"47,15"
"15089";"Salzlandkreis";"Landkreis";"41,27";"41,60";"41,99";"42,48";"43,01";"43,46";"43,97";"44,42";"44,92";"45,43";"45,85";"46,27";"46,65";"47,01";"47,34";"47,63";"47,86";"48,10";"48,08";"48,32"
"15090";"Stendal";"Landkreis";"39,19";"39,60";"40,06";"40,56";"41,05";"41,51";"42,00";"42,51";"43,04";"43,52";"44,03";"44,53";"44,98";"45,38";"45,91";"46,29";"46,63";"46,91";"46,89";"47,11"
"15091";"Wittenberg";"Landkreis";"40,50";"40,90";"41,41";"41,95";"42,60";"43,11";"43,69";"44,21";"44,74";"45,29";"45,80";"46,31";"46,73";"47,15";"47,68";"48,03";"48,33";"48,55";"48,67";"48,93"
"16051";"Erfurt, Stadt";"kreisfreie Stadt";"40,06";"40,51";"40,95";"41,29";"41,64";"41,92";"42,10";"42,39";"42,67";"42,97";"43,14";"43,29";"43,47";"43,58";"43,69";"43,73";"43,77";"43,88";"43,80";"43,88"
"16052";"Gera, Stadt";"kreisfreie Stadt";"40,88";"41,48";"42,02";"42,63";"43,35";"43,88";"44,40";"44,87";"45,40";"45,89";"46,33";"46,72";"47,07";"47,40";"47,73";"47,93";"48,14";"48,37";"48,01";"48,41"
"16053";"Jena, Stadt";"kreisfreie Stadt";"39,65";"39,91";"40,14";"40,47";"40,58";"40,93";"40,82";"41,14";"41,43";"41,72";"41,94";"42,02";"42,05";"42,15";"41,63";"41,77";"41,83";"41,94";"41,92";"42,00"
"16054";"Suhl, Stadt";"kreisfreie Stadt";"39,84";"40,46";"41,14";"41,86";"42,61";"43,32";"43,93";"44,73";"45,41";"46,04";"46,69";"47,14";"47,71";"48,22";"48,78";"49,29";"49,60";"49,38";"48,97";"49,80"
"16055";"Weimar, Stadt";"kreisfreie Stadt";"40,22";"40,49";"40,76";"41,07";"41,11";"41,25";"41,48";"41,76";"42,04";"42,39";"42,53";"42,70";"42,85";"42,98";"43,20";"43,30";"43,51";"43,66";"43,62";"43,76"
"16056";"Eisenach, Stadt";"kreisfreie Stadt";"40,41";"42,60";"42,75";"43,07";"43,44";"43,68";"44,06";"44,39";"44,70";"44,96";"45,20";"45,50";"45,79";"45,91";"46,07";"46,19";"46,36";"46,52";"46,43";"46,51"
"16061";"Eichsfeld";"Landkreis";"37,66";"38,13";"38,62";"39,07";"39,54";"39,99";"40,49";"40,96";"41,44";"41,93";"42,38";"42,80";"43,22";"43,62";"43,92";"44,23";"44,53";"44,84";"44,94";"45,13"
"16062";"Nordhausen";"Landkreis";"40,61";"41,00";"41,41";"41,87";"42,34";"42,80";"43,27";"43,76";"44,21";"44,60";"44,96";"45,27";"45,59";"45,81";"46,07";"46,36";"46,57";"46,77";"46,75";"46,84"
"16063";"Wartburgkreis";"Landkreis";"40,35";"40,17";"40,62";"41,05";"41,50";"41,96";"42,45";"42,91";"43,41";"43,90";"44,33";"44,74";"45,16";"45,49";"45,87";"46,12";"46,42";"46,60";"46,71";"46,97"
"16064";"Unstrut-Hainich-Kreis";"Landkreis";"39,74";"40,03";"40,37";"40,82";"41,24";"41,71";"42,14";"42,60";"43,03";"43,50";"43,84";"44,20";"44,57";"44,89";"45,42";"45,72";"45,97";"46,24";"46,00";"46,41"
"16065";"Kyffhäuserkreis";"Landkreis";"40,57";"40,91";"41,33";"41,75";"42,27";"42,70";"43,21";"43,74";"44,24";"44,75";"45,31";"45,82";"46,18";"46,57";"46,90";"47,16";"47,48";"47,73";"47,82";"47,93"
"16066";"Schmalkalden-Meiningen";"Landkreis";"40,61";"40,97";"41,37";"41,80";"42,29";"42,72";"43,20";"43,61";"44,05";"44,50";"44,90";"45,36";"45,72";"46,07";"46,42";"46,68";"46,90";"47,14";"47,28";"47,54"
"16067";"Gotha";"Landkreis";"40,54";"40,84";"41,13";"41,58";"42,02";"42,44";"42,83";"43,27";"43,71";"44,18";"44,59";"44,93";"45,28";"45,59";"45,80";"46,06";"46,24";"46,39";"46,27";"46,60"
"16068";"Sömmerda";"Landkreis";"39,28";"39,70";"40,13";"40,63";"41,10";"41,51";"41,99";"42,49";"43,02";"43,50";"43,88";"44,31";"44,68";"45,08";"45,42";"45,68";"45,89";"46,17";"46,25";"46,47"
"16069";"Hildburghausen";"Landkreis";"39,60";"39,93";"40,41";"40,87";"41,36";"41,77";"42,26";"42,70";"43,14";"43,67";"44,12";"44,51";"44,93";"45,36";"45,69";"46,00";"46,25";"46,60";"46,74";"46,90"
"16070";"Ilm-Kreis";"Landkreis";"40,81";"41,16";"41,52";"41,92";"42,33";"42,71";"43,14";"43,54";"44,02";"44,50";"44,89";"45,19";"45,46";"45,70";"45,87";"46,06";"46,29";"46,46";"46,44";"46,62"
"16071";"Weimarer Land";"Landkreis";"39,25";"39,50";"39,84";"40,33";"40,80";"41,25";"41,75";"42,27";"42,70";"43,14";"43,58";"44,04";"44,36";"44,61";"45,01";"45,27";"45,52";"45,77";"45,80";"45,91"
"16072";"Sonneberg";"Landkreis";"41,44";"41,80";"42,28";"42,72";"43,17";"43,58";"43,99";"44,52";"44,95";"45,42";"45,83";"46,25";"46,69";"46,97";"47,43";"47,80";"48,07";"48,38";"48,43";"48,64"
"16073";"Saalfeld-Rudolstadt";"Landkreis";"41,24";"41,79";"42,27";"42,74";"43,22";"43,66";"44,21";"44,69";"45,20";"45,65";"46,15";"46,60";"47,03";"47,43";"47,81";"48,09";"48,37";"48,61";"48,69";"48,87"
"16074";"Saale-Holzland-Kreis";"Landkreis";"40,00";"40,31";"40,70";"41,10";"41,57";"42,03";"42,53";"43,04";"43,57";"44,07";"44,52";"44,94";"45,35";"45,68";"46,05";"46,29";"46,48";"46,64";"46,12";"46,75"
"16075";"Saale-Orla-Kreis";"Landkreis";"40,49";"40,87";"41,30";"41,80";"42,24";"42,71";"43,19";"43,70";"44,21";"44,69";"45,12";"45,51";"45,92";"46,22";"46,60";"46,92";"47,19";"47,47";"47,51";"47,71"
"16076";"Greiz";"Landkreis";"41,40";"41,69";"42,14";"42,62";"43,09";"43,56";"44,05";"44,57";"45,12";"45,69";"46,13";"46,62";"47,08";"47,46";"47,95";"48,25";"48,54";"48,78";"48,94";"49,31"
"16077";"Altenburger Land";"Landkreis";"42,04";"42,45";"42,91";"43,37";"43,89";"44,35";"44,85";"45,29";"45,79";"46,27";"46,74";"47,11";"47,60";"47,97";"48,45";"48,75";"49,02";"49,28";"49,38";"49,52"
