Kennziffer;Raumeinheit;Aggregat;Langzeitarbeitslose;Langzeitarbeitslose;Langzeitarbeitslose;Langzeitarbeitslose;Langzeitarbeitslose;Langzeitarbeitslose;Langzeitarbeitslose;Langzeitarbeitslose;Langzeitarbeitslose;Langzeitarbeitslose;Langzeitarbeitslose;Langzeitarbeitslose;Langzeitarbeitslose;Langzeitarbeitslose;Langzeitarbeitslose;Langzeitarbeitslose;Langzeitarbeitslose;Langzeitarbeitslose;Langzeitarbeitslose;Langzeitarbeitslose
;;;1998;1999;2000;2001;2002;2003;2004;2005;2006;2007;2008;2009;2010;2011;2012;2013;2014;2015;2016;2017
"01001";"Flensburg, Stadt";"krsfr. Stadt";"39,7";"39,3";"34,5";"28,7";"29,8";"31,2";"36,1";"33,2";"42,5";"35,0";"29,6";"25,6";"28,8";"30,6";"31,9";"33,8";"36,4";"36,2";"32,7";"31,8"
"01002";"Kiel, Stadt";"krsfr. Stadt";"40,6";"41,4";"38,4";"34,8";"35,2";"36,7";"40,1";"40,0";"51,8";"45,6";"37,8";"36,8";"34,6";"35,7";"36,4";"34,0";"38,2";"38,7";"40,3";"37,8"
"01003";"Lübeck, Stadt";"krsfr. Stadt";"41,8";"43,4";"42,6";"38,3";"36,4";"35,5";"39,6";"35,7";"52,1";"45,7";"43,3";"42,6";"41,1";"36,8";"39,1";"34,9";"37,4";"38,4";"38,5";"36,3"
"01004";"Neumünster, Stadt";"krsfr. Stadt";"34,9";"37,3";"37,0";"33,5";"32,4";"34,1";"39,4";"38,5";"40,1";"37,2";"29,4";"28,9";"31,3";"34,3";"36,5";"36,9";"40,2";"40,9";"39,4";"38,3"
"01051";"Dithmarschen";"Landkreis";"29,1";"30,4";"28,2";"24,9";"25,4";"25,4";"33,0";"31,5";"40,3";"37,9";"35,3";"33,8";"28,5";"23,9";"26,0";"27,3";"28,2";"28,5";"30,5";"30,5"
"01053";"Herzogtum Lauenburg";"Landkreis";"32,3";"33,7";"33,6";"32,4";"31,9";"30,2";"33,6";"31,0";"35,0";"33,9";"36,0";"31,8";"32,0";"33,3";"35,5";"37,4";"38,6";"38,5";"37,7";"35,9"
"01054";"Nordfriesland";"Landkreis";"25,5";"25,0";"21,7";"19,4";"20,7";"21,3";"26,2";"27,6";"28,9";"4,9";"5,7";"38,4";"37,9";"31,0";"29,5";"37,8";"42,9";"40,9";"40,8";"41,1"
"01055";"Ostholstein";"Landkreis";"29,9";"31,7";"31,5";"29,0";"25,3";"24,6";"28,8";"28,9";"35,5";"35,2";"34,0";"30,6";"31,3";"28,4";"30,2";"31,8";"34,2";"34,6";"35,3";"33,7"
"01056";"Pinneberg";"Landkreis";"38,8";"39,7";"39,5";"36,3";"33,6";"33,9";"36,7";"34,5";"41,8";"36,6";"29,1";"27,2";"24,7";"26,9";"30,2";"30,3";"33,0";"33,2";"33,3";"31,6"
"01057";"Plön";"Landkreis";"30,7";"33,1";"32,9";"27,1";"29,6";"30,4";"33,7";"34,6";"36,2";"33,2";"32,6";"32,5";"29,6";"29,9";"35,4";"33,1";"36,0";"37,9";"37,2";"32,7"
"01058";"Rendsburg-Eckernförde";"Landkreis";"35,7";"37,8";"34,6";"28,9";"27,9";"27,1";"31,2";"28,6";"36,4";"33,8";"30,5";"25,2";"29,4";"27,3";"29,3";"32,4";"34,8";"35,1";"34,1";"31,7"
"01059";"Schleswig-Flensburg";"Landkreis";"30,9";"33,8";"29,8";"25,8";"25,8";"26,8";"30,0";"27,7";"29,0";"5,6";"6,1";"42,5";"45,4";"46,6";"43,7";"45,5";"51,5";"51,0";"47,9";"44,5"
"01060";"Segeberg";"Landkreis";"32,0";"35,3";"33,1";"29,1";"26,0";"25,9";"29,7";"33,6";"34,7";"31,4";"30,5";"24,6";"27,3";"27,1";"28,7";"30,9";"32,8";"34,5";"33,7";"31,9"
"01061";"Steinburg";"Landkreis";"35,7";"38,3";"39,4";"35,6";"35,2";"35,0";"38,8";"38,0";"38,2";"30,9";"27,2";"18,1";"20,7";"24,7";"28,0";"29,3";"32,6";"33,7";"35,2";"34,8"
"01062";"Stormarn";"Landkreis";"33,5";"35,3";"34,2";"30,3";"28,9";"28,6";"31,7";"30,5";"37,1";"33,0";"25,5";"25,8";"27,9";"29,2";"31,1";"31,2";"31,3";"30,5";"27,9";"26,4"
"02000";"Hamburg, Stadt";"krsfr. Stadt";"38,9";"39,4";"37,6";"32,4";"28,0";"29,0";"33,2";"30,0";"39,0";"38,5";"33,0";"30,1";"28,8";"28,3";"30,6";"31,1";"31,8";"31,6";"32,5";"30,8"
"03101";"Braunschweig, Stadt";"krsfr. Stadt";"45,5";"46,4";"44,4";"40,8";"41,3";"42,1";"44,7";"42,6";"43,5";"41,4";"39,3";"34,2";"32,7";"35,3";"37,5";"37,6";"39,0";"39,3";"37,7";"35,6"
"03102";"Salzgitter, Stadt";"krsfr. Stadt";"52,7";"51,2";"49,0";"46,1";"44,5";"42,8";"44,2";"43,0";"44,6";"41,4";"36,0";"31,5";"31,5";"32,5";"34,5";"35,5";"40,5";"40,0";"35,9";"37,9"
"03103";"Wolfsburg, Stadt";"krsfr. Stadt";"59,2";"52,4";"46,3";"38,8";"35,4";"35,3";"36,5";"35,9";"46,0";"47,2";"43,6";"29,8";"29,5";"33,7";"32,2";"30,2";"30,8";"30,9";"30,8";"31,9"
"03151";"Gifhorn";"Landkreis";"55,3";"51,0";"46,5";"39,1";"38,8";"41,3";"41,5";"36,2";"39,5";"38,0";"38,6";"30,8";"30,9";"33,3";"34,7";"35,0";"36,9";"36,8";"35,0";"34,2"
"03153";"Goslar";"Landkreis";"42,2";"44,0";"43,9";"42,0";"37,7";"36,9";"37,8";"33,9";"39,8";"42,8";"37,1";"33,7";"35,0";"36,3";"38,0";"37,8";"37,3";"39,7";"37,0";"36,0"
"03154";"Helmstedt";"Landkreis";"51,6";"49,8";"47,4";"42,9";"41,3";"41,5";"43,2";"39,2";"41,5";"45,2";"43,1";"36,1";"35,8";"40,9";"41,6";"43,5";"43,4";"46,5";"45,2";"41,6"
"03155";"Northeim";"Landkreis";"43,9";"44,8";"43,6";"40,2";"40,4";"42,2";"43,5";"37,5";"40,6";"40,1";"35,3";"28,4";"29,6";"29,8";"34,8";"36,3";"40,6";"40,1";"40,9";"37,8"
"03157";"Peine";"Landkreis";"45,0";"43,6";"42,4";"36,9";"36,8";"35,2";"37,9";"27,1";"30,4";"7,8";"4,1";"36,3";"36,5";"27,9";"28,9";"26,6";"31,7";"29,2";"27,7";"28,3"
"03158";"Wolfenbüttel";"Landkreis";"48,1";"47,0";"45,2";"40,8";"39,3";"38,0";"40,3";"40,1";"40,9";"42,6";"38,0";"31,3";"33,5";"36,0";"36,9";"36,7";"39,0";"39,0";"36,5";"35,7"
"03159";"Göttingen";"Landkreis";"44,2";"44,7";"44,8";"41,5";"40,6";"41,9";"44,1";"30,8";"35,9";"6,5";"4,8";"39,5";"41,8";"34,4";"29,1";"28,5";"37,3";"36,2";"37,8";"39,3"
"03241";"Region Hannover";"Landkreis";"40,3";"40,4";"39,9";"35,3";"33,7";"36,6";"38,4";"34,2";"50,9";"47,3";"42,8";"42,5";"41,7";"41,3";"41,4";"41,3";"41,0";"42,5";"41,7";"41,2"
"03251";"Diepholz";"Landkreis";"33,7";"34,4";"34,1";"30,2";"28,6";"28,1";"32,0";"28,3";"31,6";"34,7";"31,9";"26,0";"26,6";"27,6";"26,8";"28,8";"31,0";"31,4";"30,7";"29,6"
"03252";"Hameln-Pyrmont";"Landkreis";"40,8";"42,7";"43,4";"38,0";"36,2";"36,5";"40,6";"37,1";"41,4";"39,3";"36,9";"32,8";"33,5";"35,4";"37,6";"37,6";"41,0";"39,3";"39,1";"39,1"
"03254";"Hildesheim";"Landkreis";"42,5";"41,2";"40,3";"35,1";"33,5";"31,9";"34,7";"33,7";"43,4";"44,0";"38,0";"35,9";"37,7";"42,8";"40,5";"40,6";"41,0";"43,2";"42,0";"39,7"
"03255";"Holzminden";"Landkreis";"41,9";"39,5";"40,3";"35,0";"34,9";"35,5";"38,6";"37,0";"44,7";"42,0";"35,7";"29,0";"32,5";"33,9";"33,4";"37,0";"40,5";"42,8";"40,9";"38,8"
"03256";"Nienburg (Weser)";"Landkreis";"31,6";"30,5";"29,1";"25,5";"24,3";"24,5";"29,8";"28,2";"35,3";"33,2";"29,0";"25,9";"30,7";"29,9";"30,6";"32,0";"34,5";"36,2";"33,7";"32,0"
"03257";"Schaumburg";"Landkreis";"37,6";"38,4";"38,5";"35,7";"32,8";"32,9";"37,9";"36,1";"44,0";"43,9";"40,2";"34,2";"35,4";"37,2";"37,1";"32,5";"38,5";"37,6";"36,3";"33,4"
"03351";"Celle";"Landkreis";"36,1";"41,4";"39,7";"34,9";"32,6";"32,7";"36,9";"33,3";"38,8";"38,8";"38,3";"33,1";"34,0";"36,3";"38,9";"39,1";"38,2";"41,2";"38,2";"37,6"
"03352";"Cuxhaven";"Landkreis";"37,9";"40,9";"38,8";"35,8";"34,1";"34,1";"36,8";"33,2";"43,9";"42,4";"41,6";"38,3";"33,9";"32,5";"34,0";"35,5";"38,3";"39,1";"39,8";"40,0"
"03353";"Harburg";"Landkreis";"36,0";"36,5";"38,5";"33,8";"31,4";"31,2";"32,7";"30,6";"34,9";"34,9";"28,3";"22,7";"28,0";"31,9";"32,9";"34,5";"33,7";"33,0";"31,6";"30,5"
"03354";"Lüchow-Dannenberg";"Landkreis";"42,6";"41,8";"46,0";"45,6";"43,9";"42,7";"45,3";"42,4";"47,7";"44,3";"40,4";"37,2";"37,9";"39,1";"36,0";"38,2";"42,4";"42,9";"41,7";"42,9"
"03355";"Lüneburg";"Landkreis";"36,5";"39,2";"38,8";"37,9";"35,9";"35,0";"38,9";"38,5";"41,2";"35,0";"30,0";"29,6";"29,6";"29,5";"28,6";"31,3";"32,2";"31,1";"30,5";"29,6"
"03356";"Osterholz";"Landkreis";"39,9";"41,3";"41,3";"37,2";"29,9";"27,1";"32,5";"27,1";"30,1";"9,7";"5,1";"32,2";"32,4";"31,6";"25,8";"25,4";"30,3";"29,2";"27,4";"25,1"
"03357";"Rotenburg (Wümme)";"Landkreis";"35,4";"35,2";"33,2";"29,2";"27,8";"28,2";"33,8";"27,3";"29,4";"5,4";"6,2";"27,5";"28,5";"28,0";"30,8";"30,7";"35,5";"35,4";"38,2";"37,1"
"03358";"Heidekreis";"Landkreis";"32,1";"32,8";"31,7";"29,3";"28,3";"27,8";"32,4";"27,1";"29,7";"4,7";"3,8";"36,4";"38,0";"30,0";"31,0";"33,5";"37,6";"37,9";"36,6";"39,6"
"03359";"Stade";"Landkreis";"34,1";"34,4";"32,0";"27,3";"25,4";"26,6";"31,1";"29,9";"42,6";"44,3";"42,1";"38,2";"37,2";"36,5";"37,5";"39,1";"38,0";"38,4";"38,8";"37,8"
"03360";"Uelzen";"Landkreis";"32,9";"33,3";"32,5";"31,6";"32,1";"31,8";"35,2";"32,0";"39,0";"37,9";"33,6";"29,5";"28,4";"27,3";"27,5";"28,6";"31,9";"33,0";"34,4";"33,1"
"03361";"Verden";"Landkreis";"37,6";"37,0";"35,8";"27,7";"25,3";"27,6";"32,3";"27,1";"30,6";"8,3";"5,4";"42,6";"45,2";"41,4";"40,0";"42,5";"43,8";"40,3";"38,8";"35,8"
"03401";"Delmenhorst, Stadt";"krsfr. Stadt";"46,3";"48,3";"46,2";"41,3";"41,4";"40,4";"45,5";"38,1";"49,2";"42,6";"37,0";"35,5";"36,8";"38,6";"41,0";"42,9";"43,6";"44,1";"43,7";"41,4"
"03402";"Emden, Stadt";"krsfr. Stadt";"39,2";"39,3";"37,6";"40,0";"35,2";"38,2";"43,9";"39,4";"40,3";"47,7";"43,9";"38,9";"36,2";"36,4";"38,5";"34,4";"34,5";"37,2";"35,9";"39,7"
"03403";"Oldenburg (Oldenburg), Stadt";"krsfr. Stadt";"40,4";"42,3";"40,7";"37,1";"36,0";"37,2";"40,9";"33,2";"40,1";"39,9";"38,4";"38,3";"38,0";"36,2";"38,0";"39,2";"39,5";"41,6";"40,6";"38,2"
"03404";"Osnabrück, Stadt";"krsfr. Stadt";"40,1";"39,1";"38,5";"37,0";"34,5";"34,7";"38,7";"33,5";"41,0";"39,2";"34,8";"28,9";"33,3";"36,2";"36,0";"35,0";"35,8";"37,4";"38,2";"39,7"
"03405";"Wilhelmshaven, Stadt";"krsfr. Stadt";"47,3";"45,5";"42,2";"37,6";"35,5";"36,3";"42,7";"34,1";"47,4";"47,4";"47,4";"45,1";"42,5";"41,7";"44,4";"39,8";"41,5";"42,5";"42,8";"41,7"
"03451";"Ammerland";"Landkreis";"37,1";"39,0";"37,5";"34,2";"32,3";"33,3";"35,8";"27,1";"30,2";"9,6";"5,2";"30,0";"30,1";"27,0";"26,4";"24,6";"27,5";"29,6";"26,3";"25,9"
"03452";"Aurich";"Landkreis";"34,8";"34,6";"32,6";"33,2";"31,2";"32,9";"36,6";"36,0";"37,2";"41,0";"36,4";"32,4";"34,1";"31,8";"35,5";"39,8";"42,4";"40,8";"38,3";"37,4"
"03453";"Cloppenburg";"Landkreis";"31,3";"30,7";"28,3";"21,1";"18,7";"18,7";"23,3";"21,6";"31,0";"32,7";"31,0";"25,9";"27,3";"29,7";"30,0";"28,9";"32,8";"35,5";"34,6";"34,3"
"03454";"Emsland";"Landkreis";"38,6";"36,9";"36,7";"31,1";"30,8";"29,8";"31,6";"28,2";"31,2";"7,6";"5,4";"19,7";"23,8";"22,3";"22,7";"21,2";"20,5";"20,3";"19,2";"20,5"
"03455";"Friesland";"Landkreis";"41,7";"40,7";"39,5";"35,7";"33,7";"35,1";"38,5";"31,6";"42,4";"40,9";"37,9";"37,5";"33,4";"32,9";"31,3";"31,4";"32,0";"30,3";"31,3";"29,8"
"03456";"Grafschaft Bentheim";"Landkreis";"40,0";"37,2";"34,8";"32,4";"32,7";"30,3";"32,5";"30,1";"33,8";"4,5";"4,8";"30,1";"37,2";"39,9";"34,4";"29,7";"35,5";"32,1";"33,8";"33,2"
"03457";"Leer";"Landkreis";"37,1";"35,2";"33,0";"32,2";"31,7";"32,8";"35,6";"27,1";"30,0";"6,1";"4,1";"29,1";"32,7";"33,0";"33,6";"29,7";"29,8";"32,9";"32,1";"31,7"
"03458";"Oldenburg";"Landkreis";"36,9";"38,0";"36,2";"32,8";"31,8";"30,6";"34,5";"27,2";"30,1";"9,1";"5,0";"28,6";"31,9";"25,2";"20,8";"23,4";"35,0";"34,1";"32,3";"28,2"
"03459";"Osnabrück";"Landkreis";"37,5";"38,3";"37,8";"31,9";"30,3";"30,7";"34,9";"27,1";"30,0";"11,5";"6,9";"27,3";"27,9";"26,9";"24,4";"23,4";"28,3";"30,9";"31,9";"33,3"
"03460";"Vechta";"Landkreis";"29,6";"30,1";"28,0";"23,7";"22,6";"21,4";"22,6";"21,4";"26,7";"26,8";"23,9";"21,6";"23,7";"23,2";"24,9";"25,7";"26,5";"27,6";"25,0";"25,4"
"03461";"Wesermarsch";"Landkreis";"42,2";"42,8";"41,1";"37,9";"36,0";"36,6";"37,1";"35,2";"38,6";"40,4";"40,0";"38,1";"37,9";"41,7";"43,2";"42,6";"42,0";"41,8";"42,4";"42,2"
"03462";"Wittmund";"Landkreis";"29,2";"27,5";"25,6";"25,5";"25,0";"26,5";"30,1";"29,9";"33,2";"32,8";"29,7";"27,9";"25,8";"26,0";"24,1";"23,5";"23,9";"27,6";"28,4";"26,8"
"04011";"Bremen, Stadt";"krsfr. Stadt";"43,2";"44,6";"42,9";"40,5";"38,4";"37,7";"41,1";"34,9";"42,5";"44,2";"42,9";"42,1";"42,7";"41,8";"44,2";"44,8";"43,8";"44,2";"44,5";"44,6"
"04012";"Bremerhaven, Stadt";"krsfr. Stadt";"46,4";"48,8";"46,5";"45,2";"43,7";"45,5";"49,2";"37,9";"47,3";"47,1";"47,9";"41,7";"39,3";"43,6";"42,9";"43,8";"42,8";"41,7";"43,9";"42,2"
"05111";"Düsseldorf, Stadt";"krsfr. Stadt";"49,0";"49,3";"48,4";"43,7";"37,9";"36,3";"42,6";"41,5";"58,5";"52,8";"47,5";"45,9";"44,4";"46,8";"44,8";"43,8";"42,2";"41,7";"39,8";"36,5"
"05112";"Duisburg, Stadt";"krsfr. Stadt";"49,2";"48,2";"47,7";"44,0";"42,0";"43,1";"44,8";"41,7";"51,6";"49,1";"45,7";"43,8";"44,1";"45,8";"46,1";"44,6";"44,9";"45,4";"46,7";"44,1"
"05113";"Essen, Stadt";"krsfr. Stadt";"44,3";"45,1";"45,7";"45,6";"43,2";"43,9";"44,9";"40,8";"55,5";"52,6";"48,5";"45,4";"43,9";"44,5";"45,3";"47,7";"49,8";"48,1";"45,8";"43,4"
"05114";"Krefeld, Stadt";"krsfr. Stadt";"50,6";"49,7";"48,4";"43,7";"39,6";"38,7";"41,3";"40,7";"49,5";"44,3";"44,5";"43,1";"44,6";"42,1";"43,0";"44,3";"45,6";"46,9";"47,4";"47,3"
"05116";"Mönchengladbach, Stadt";"krsfr. Stadt";"42,7";"42,7";"42,7";"40,1";"36,6";"37,1";"41,0";"39,3";"50,5";"52,0";"44,4";"39,0";"38,5";"36,3";"37,2";"36,5";"39,0";"38,8";"40,5";"40,9"
"05117";"Mülheim an der Ruhr, Stadt";"krsfr. Stadt";"43,1";"44,8";"44,4";"40,2";"35,6";"34,1";"41,1";"36,4";"44,0";"5,9";"2,7";"49,2";"53,3";"54,6";"51,6";"44,7";"49,2";"50,2";"52,6";"53,4"
"05119";"Oberhausen, Stadt";"krsfr. Stadt";"48,0";"47,7";"47,1";"46,4";"41,1";"37,5";"43,6";"41,6";"49,4";"49,6";"51,6";"50,3";"50,1";"50,2";"52,0";"50,9";"51,2";"51,3";"49,6";"48,6"
"05120";"Remscheid, Stadt";"krsfr. Stadt";"43,6";"44,0";"45,7";"42,0";"36,5";"36,7";"43,1";"41,8";"46,3";"47,0";"42,8";"39,2";"46,9";"48,8";"43,4";"44,5";"45,8";"43,8";"42,4";"43,3"
"05122";"Solingen, Stadt";"krsfr. Stadt";"38,2";"37,4";"37,0";"33,8";"31,6";"32,0";"36,7";"40,7";"39,6";"39,5";"40,9";"41,1";"43,8";"44,7";"42,8";"47,2";"43,9";"41,6";"42,9";"40,9"
"05124";"Wuppertal, Stadt";"krsfr. Stadt";"46,7";"45,1";"43,6";"39,0";"36,3";"36,7";"41,7";"39,5";"53,7";"50,2";"42,3";"40,2";"44,8";"43,5";"41,2";"45,9";"45,2";"39,8";"37,9";"38,6"
"05154";"Kleve";"Landkreis";"45,0";"44,2";"45,8";"43,4";"37,8";"36,3";"39,3";"27,1";"30,6";"10,6";"4,3";"34,2";"38,7";"35,6";"34,4";"38,2";"42,8";"46,1";"46,1";"45,6"
"05158";"Mettmann";"Landkreis";"44,4";"42,5";"42,5";"37,5";"32,5";"32,4";"37,8";"37,7";"49,2";"45,1";"41,7";"41,4";"45,5";"46,2";"43,5";"43,8";"43,9";"44,3";"42,8";"42,3"
"05162";"Rhein-Kreis Neuss";"Landkreis";"40,7";"41,3";"42,2";"38,5";"35,6";"34,6";"37,4";"37,1";"41,3";"40,8";"40,9";"37,5";"38,9";"39,3";"38,3";"38,5";"41,5";"40,9";"40,7";"38,5"
"05166";"Viersen";"Landkreis";"44,6";"44,1";"43,5";"39,1";"36,2";"34,9";"38,3";"36,4";"39,5";"38,7";"36,3";"33,3";"36,3";"38,0";"38,8";"40,0";"39,5";"40,4";"40,6";"39,5"
"05170";"Wesel";"Landkreis";"46,6";"45,6";"45,7";"40,8";"36,8";"36,3";"42,1";"37,2";"42,3";"43,3";"40,5";"35,8";"38,2";"38,8";"39,1";"37,9";"40,8";"43,7";"42,5";"41,5"
"05314";"Bonn, Stadt";"krsfr. Stadt";"33,7";"33,9";"35,1";"33,1";"33,0";"34,2";"37,7";"34,6";"43,2";"40,4";"40,4";"41,0";"40,9";"40,5";"40,8";"41,9";"42,7";"44,1";"45,4";"44,0"
"05315";"Köln, Stadt";"krsfr. Stadt";"42,2";"43,1";"44,6";"41,3";"37,0";"34,9";"39,1";"39,6";"53,7";"47,3";"47,8";"46,9";"46,6";"44,8";"44,1";"43,4";"44,1";"45,0";"46,4";"44,2"
"05316";"Leverkusen, Stadt";"krsfr. Stadt";"49,6";"51,2";"51,6";"44,0";"40,8";"39,5";"42,4";"37,8";"48,1";"48,3";"44,4";"40,5";"37,4";"36,1";"35,9";"37,2";"39,4";"39,6";"40,3";"39,4"
"05334";"Städteregion Aachen";"Landkreis";"46,6";"46,8";"46,2";"41,0";"36,7";"36,9";"39,3";"36,0";"50,8";"51,3";"49,1";"43,4";"43,6";"43,1";"42,5";"42,4";"43,7";"44,1";"45,3";"44,2"
"05358";"Düren";"Landkreis";"43,1";"43,4";"42,1";"39,6";"39,3";"39,4";"41,5";"29,5";"33,6";"8,2";"4,6";"35,6";"42,7";"34,5";"38,6";"43,1";"45,6";"44,2";"43,5";"42,1"
"05362";"Rhein-Erft-Kreis";"Landkreis";"37,4";"38,3";"39,5";"35,3";"33,1";"33,7";"38,0";"36,0";"52,2";"53,6";"48,3";"47,0";"43,8";"44,3";"43,1";"43,7";"43,9";"43,7";"43,8";"42,5"
"05366";"Euskirchen";"Landkreis";"34,4";"35,5";"36,0";"32,7";"32,2";"32,6";"34,7";"36,2";"44,0";"38,8";"33,2";"32,5";"35,5";"36,6";"36,2";"36,2";"36,8";"39,6";"41,3";"39,6"
"05370";"Heinsberg";"Landkreis";"44,8";"47,1";"44,9";"38,3";"33,7";"35,2";"40,7";"37,1";"46,9";"43,4";"41,9";"38,2";"40,5";"42,3";"38,4";"36,7";"36,3";"36,6";"34,5";"32,3"
"05374";"Oberbergischer Kreis";"Landkreis";"41,7";"40,5";"41,9";"39,6";"35,2";"36,1";"39,1";"34,4";"43,1";"39,6";"34,7";"29,9";"36,4";"39,6";"39,5";"38,3";"39,5";"41,6";"39,1";"40,0"
"05378";"Rheinisch-Bergischer Kreis";"Landkreis";"44,7";"43,8";"45,7";"41,7";"37,6";"36,5";"39,7";"39,1";"49,0";"49,6";"46,9";"44,7";"44,4";"44,2";"43,5";"44,6";"46,7";"46,4";"46,5";"45,5"
"05382";"Rhein-Sieg-Kreis";"Landkreis";"38,5";"39,1";"37,9";"34,5";"32,6";"33,0";"35,5";"33,5";"43,6";"40,9";"37,9";"36,2";"34,9";"34,4";"35,2";"35,8";"37,7";"39,2";"39,0";"37,7"
"05512";"Bottrop, Stadt";"krsfr. Stadt";"49,6";"50,0";"49,6";"45,6";"42,4";"43,1";"47,2";"47,6";"46,2";"44,7";"40,8";"36,9";"41,0";"39,1";"41,3";"41,9";"42,9";"42,4";"41,0";"40,3"
"05513";"Gelsenkirchen, Stadt";"krsfr. Stadt";"48,2";"49,1";"48,0";"47,2";"46,8";"47,5";"50,4";"42,5";"57,0";"52,0";"47,9";"44,5";"45,1";"45,6";"46,8";"45,3";"47,2";"45,4";"45,2";"42,1"
"05515";"Münster, Stadt";"krsfr. Stadt";"33,3";"36,3";"35,8";"33,3";"31,3";"31,5";"34,1";"33,2";"39,0";"39,3";"36,5";"32,2";"32,2";"32,9";"34,7";"37,4";"39,6";"41,5";"42,0";"42,8"
"05554";"Borken";"Landkreis";"39,3";"39,9";"40,5";"35,7";"32,4";"30,9";"34,3";"28,2";"32,0";"7,8";"3,9";"32,6";"38,9";"38,7";"35,8";"36,1";"38,1";"39,6";"37,0";"35,9"
"05558";"Coesfeld";"Landkreis";"35,8";"37,8";"35,7";"32,8";"31,9";"30,8";"36,3";"27,1";"30,4";"10,1";"6,1";"19,1";"24,5";"21,5";"17,9";"19,6";"26,8";"26,9";"26,6";"25,3"
"05562";"Recklinghausen";"Landkreis";"47,6";"48,4";"48,5";"45,9";"43,4";"41,8";"42,6";"41,4";"48,1";"48,1";"47,4";"47,8";"47,0";"48,6";"47,4";"53,9";"55,1";"54,1";"53,9";"53,3"
"05566";"Steinfurt";"Landkreis";"34,7";"35,0";"35,7";"32,5";"28,7";"27,4";"31,3";"29,0";"32,5";"7,8";"5,2";"28,6";"29,5";"29,5";"26,2";"26,4";"32,6";"34,6";"34,5";"32,8"
"05570";"Warendorf";"Landkreis";"36,2";"35,2";"35,1";"31,5";"29,4";"28,7";"33,9";"33,0";"42,7";"40,3";"35,8";"28,2";"32,8";"38,0";"37,9";"39,0";"43,7";"44,0";"44,7";"42,7"
"05711";"Bielefeld, Stadt";"krsfr. Stadt";"45,1";"45,5";"46,7";"44,6";"42,1";"43,4";"45,8";"44,4";"47,0";"45,1";"35,8";"33,1";"38,3";"39,0";"39,2";"38,4";"39,9";"41,9";"43,2";"43,8"
"05754";"Gütersloh";"Landkreis";"41,0";"41,2";"42,4";"35,8";"34,8";"36,0";"39,4";"39,7";"44,6";"38,1";"29,7";"23,3";"28,8";"33,2";"31,2";"36,6";"37,8";"38,5";"36,1";"34,8"
"05758";"Herford";"Landkreis";"41,5";"39,4";"38,9";"31,4";"29,1";"31,4";"35,9";"34,2";"42,4";"41,0";"34,7";"31,7";"36,3";"37,3";"36,2";"35,4";"36,4";"38,7";"37,6";"35,2"
"05762";"Höxter";"Landkreis";"36,7";"35,8";"35,9";"31,3";"30,0";"30,9";"35,3";"35,8";"41,4";"39,9";"33,9";"32,4";"35,4";"32,6";"31,8";"29,9";"33,2";"36,0";"34,2";"34,2"
"05766";"Lippe";"Landkreis";"37,7";"37,0";"36,7";"32,7";"31,8";"32,9";"37,5";"36,5";"45,7";"41,8";"37,6";"30,6";"38,5";"41,6";"39,6";"42,3";"43,3";"44,7";"43,6";"42,7"
"05770";"Minden-Lübbecke";"Landkreis";"39,9";"40,2";"40,8";"33,7";"28,2";"30,6";"36,1";"28,9";"32,8";"6,9";"3,9";"36,7";"42,2";"37,5";"33,8";"33,1";"38,3";"38,2";"36,4";"33,3"
"05774";"Paderborn";"Landkreis";"41,2";"40,1";"40,5";"37,7";"34,7";"33,0";"36,0";"35,8";"43,4";"41,6";"37,9";"31,2";"35,8";"39,0";"39,2";"36,2";"35,1";"36,7";"37,6";"36,0"
"05911";"Bochum, Stadt";"krsfr. Stadt";"46,5";"47,1";"47,7";"45,2";"43,3";"43,6";"47,8";"43,7";"49,8";"45,1";"41,9";"37,8";"38,1";"40,5";"43,0";"42,8";"45,4";"43,8";"42,4";"42,3"
"05913";"Dortmund, Stadt";"krsfr. Stadt";"50,3";"49,3";"50,4";"48,8";"44,9";"45,3";"48,4";"46,1";"55,3";"49,2";"46,5";"45,1";"44,9";"45,8";"46,1";"46,7";"46,6";"45,6";"43,9";"41,7"
"05914";"Hagen, Stadt";"krsfr. Stadt";"49,1";"47,9";"48,0";"43,8";"37,3";"39,2";"45,0";"40,6";"45,7";"45,4";"40,9";"39,6";"43,7";"43,3";"42,2";"43,2";"46,6";"44,7";"43,2";"45,3"
"05915";"Hamm, Stadt";"krsfr. Stadt";"44,5";"45,3";"44,5";"42,6";"41,1";"40,1";"43,8";"36,4";"44,0";"7,3";"4,8";"48,8";"55,0";"57,4";"58,1";"59,9";"60,0";"58,1";"51,4";"47,2"
"05916";"Herne, Stadt";"krsfr. Stadt";"43,7";"41,9";"44,6";"43,0";"42,2";"45,3";"49,2";"46,4";"53,9";"52,3";"45,7";"43,6";"44,0";"43,3";"45,9";"44,9";"43,1";"41,6";"39,9";"40,0"
"05954";"Ennepe-Ruhr-Kreis";"Landkreis";"46,9";"46,8";"46,1";"42,5";"36,9";"37,2";"42,1";"31,2";"36,6";"8,6";"4,5";"37,8";"38,9";"39,3";"38,5";"39,6";"42,6";"42,7";"41,2";"37,0"
"05958";"Hochsauerlandkreis";"Landkreis";"34,8";"33,7";"35,5";"29,4";"29,5";"32,5";"37,2";"29,1";"33,2";"10,9";"6,6";"33,7";"39,2";"37,5";"36,3";"37,1";"39,2";"41,1";"38,8";"38,5"
"05962";"Märkischer Kreis";"Landkreis";"44,4";"42,8";"43,7";"39,0";"33,4";"35,4";"41,0";"37,0";"41,3";"40,7";"35,3";"28,3";"36,6";"39,1";"37,2";"37,5";"40,3";"41,5";"40,6";"40,5"
"05966";"Olpe";"Landkreis";"40,3";"39,2";"37,6";"33,9";"30,8";"31,8";"34,6";"29,5";"36,8";"35,5";"28,4";"22,8";"32,2";"37,8";"35,1";"34,6";"37,0";"35,6";"33,7";"32,0"
"05970";"Siegen-Wittgenstein";"Landkreis";"43,3";"42,1";"40,4";"36,4";"33,8";"35,2";"37,7";"34,2";"47,1";"46,3";"37,8";"33,1";"37,4";"38,3";"37,0";"35,7";"37,5";"38,0";"36,0";"34,5"
"05974";"Soest";"Landkreis";"36,4";"37,0";"39,0";"35,9";"35,4";"38,0";"40,8";"40,1";"46,1";"49,0";"41,8";"31,8";"38,8";"41,2";"39,4";"37,6";"37,9";"37,4";"37,1";"36,4"
"05978";"Unna";"Landkreis";"44,6";"44,7";"44,4";"40,7";"38,0";"38,8";"43,5";"40,0";"44,1";"45,0";"43,1";"41,0";"44,2";"46,2";"43,7";"44,3";"45,7";"43,6";"43,5";"41,2"
"06411";"Darmstadt, Stadt";"krsfr. Stadt";"37,8";"37,2";"38,8";"33,7";"28,7";"29,8";"35,2";"34,2";"43,7";"44,6";"41,3";"41,4";"35,2";"33,0";"34,3";"34,9";"36,6";"37,0";"37,4";"35,7"
"06412";"Frankfurt am Main, Stadt";"krsfr. Stadt";"37,1";"40,6";"40,4";"33,8";"25,9";"26,0";"32,6";"32,7";"39,3";"42,0";"39,9";"37,1";"35,1";"34,1";"33,8";"35,6";"35,7";"36,4";"35,4";"32,9"
"06413";"Offenbach am Main, Stadt";"krsfr. Stadt";"37,4";"40,3";"38,1";"34,2";"27,4";"28,1";"35,7";"34,0";"39,6";"39,0";"34,0";"33,1";"35,5";"34,5";"32,3";"33,1";"41,6";"42,8";"40,6";"40,5"
"06414";"Wiesbaden, Stadt";"krsfr. Stadt";"39,6";"41,8";"40,7";"36,9";"29,1";"29,8";"34,2";"36,4";"44,0";"4,4";"1,8";"43,2";"39,9";"31,3";"32,5";"33,5";"36,7";"38,4";"40,5";"41,0"
"06431";"Bergstraße";"Landkreis";"41,5";"41,3";"42,7";"37,9";"31,1";"29,3";"33,2";"27,1";"30,3";"7,9";"3,7";"48,5";"46,9";"46,3";"40,1";"37,3";"40,8";"39,1";"38,0";"36,1"
"06432";"Darmstadt-Dieburg";"Landkreis";"38,5";"38,3";"39,2";"33,7";"25,5";"26,7";"32,9";"27,1";"30,0";"11,3";"3,5";"39,9";"41,5";"41,3";"39,3";"36,7";"43,9";"43,4";"45,9";"43,3"
"06433";"Groß-Gerau";"Landkreis";"37,8";"39,2";"38,2";"35,3";"29,0";"29,2";"34,7";"33,1";"36,7";"47,3";"43,0";"38,0";"37,5";"39,6";"35,1";"32,7";"39,3";"39,9";"40,5";"38,0"
"06434";"Hochtaunuskreis";"Landkreis";"37,8";"39,6";"41,1";"35,9";"26,9";"25,6";"30,4";"28,6";"32,0";"10,2";"4,6";"41,9";"41,2";"39,3";"38,6";"37,4";"40,6";"39,6";"40,3";"40,7"
"06435";"Main-Kinzig-Kreis";"Landkreis";"40,3";"39,7";"39,8";"35,0";"27,8";"25,6";"29,1";"28,7";"32,3";"9,2";"4,0";"31,2";"36,2";"34,7";"24,1";"26,8";"32,0";"34,9";"35,8";"34,1"
"06436";"Main-Taunus-Kreis";"Landkreis";"40,9";"43,1";"43,7";"37,2";"26,5";"25,3";"28,9";"27,1";"30,3";"12,1";"6,7";"37,1";"38,9";"35,0";"34,4";"32,1";"32,8";"33,4";"33,2";"34,6"
"06437";"Odenwaldkreis";"Landkreis";"32,0";"25,6";"36,3";"32,8";"24,8";"22,6";"31,7";"27,0";"29,3";"8,7";"5,8";"40,3";"48,3";"55,2";"49,2";"45,3";"48,0";"47,3";"46,4";"42,3"
"06438";"Offenbach";"Landkreis";"38,9";"39,0";"38,7";"33,4";"26,3";"25,4";"33,8";"27,2";"30,7";"8,6";"3,8";"36,3";"40,8";"35,0";"27,7";"23,3";"30,5";"27,8";"28,0";"28,8"
"06439";"Rheingau-Taunus-Kreis";"Landkreis";"37,5";"37,4";"38,5";"33,8";"27,2";"26,7";"32,0";"27,1";"29,9";"9,6";"4,5";"43,9";"45,7";"48,1";"43,3";"41,9";"45,6";"46,3";"44,0";"41,3"
"06440";"Wetteraukreis";"Landkreis";"35,8";"38,0";"37,6";"32,4";"26,8";"26,7";"30,9";"29,6";"38,4";"37,6";"32,3";"31,3";"31,3";"32,8";"34,5";"32,3";"33,3";"34,7";"34,6";"33,3"
"06531";"Gießen";"Landkreis";"40,0";"40,7";"40,3";"36,0";"32,6";"32,4";"36,9";"34,2";"46,0";"48,9";"48,9";"45,2";"44,0";"44,5";"44,5";"44,0";"44,6";"45,9";"46,5";"43,1"
"06532";"Lahn-Dill-Kreis";"Landkreis";"44,0";"43,5";"42,9";"37,5";"31,7";"31,2";"34,8";"34,4";"41,1";"42,3";"39,1";"34,6";"36,4";"40,9";"39,7";"38,4";"45,4";"45,7";"46,2";"44,2"
"06533";"Limburg-Weilburg";"Landkreis";"32,1";"31,7";"30,9";"25,6";"21,8";"22,1";"27,5";"26,9";"38,8";"42,5";"36,5";"32,2";"31,0";"33,5";"34,0";"34,6";"34,1";"34,9";"33,9";"32,1"
"06534";"Marburg-Biedenkopf";"Landkreis";"32,2";"33,5";"31,5";"26,9";"27,1";"26,8";"30,9";"28,7";"31,9";"6,9";"4,3";"32,5";"35,7";"31,8";"29,3";"29,5";"32,8";"32,5";"30,5";"33,0"
"06535";"Vogelsbergkreis";"Landkreis";"38,7";"37,3";"38,5";"34,5";"30,2";"29,2";"35,1";"27,1";"29,5";"7,2";"5,6";"31,6";"34,8";"31,6";"26,9";"23,3";"26,4";"26,6";"25,7";"29,3"
"06611";"Kassel, Stadt";"krsfr. Stadt";"45,3";"48,0";"48,0";"44,7";"42,5";"41,0";"44,6";"39,3";"52,8";"53,2";"46,8";"41,5";"39,7";"38,7";"37,7";"37,6";"39,0";"40,3";"39,7";"35,1"
"06631";"Fulda";"Landkreis";"38,3";"39,3";"39,1";"34,0";"29,0";"29,0";"32,7";"29,5";"32,8";"7,9";"5,7";"29,5";"32,8";"29,3";"26,7";"24,0";"27,9";"27,1";"25,6";"24,3"
"06632";"Hersfeld-Rotenburg";"Landkreis";"38,1";"38,1";"37,3";"35,8";"28,0";"25,5";"29,3";"27,1";"29,8";"7,4";"4,8";"41,7";"43,3";"38,4";"36,0";"35,8";"39,3";"39,9";"42,4";"39,8"
"06633";"Kassel";"Landkreis";"42,1";"42,3";"43,0";"38,6";"35,4";"35,0";"37,0";"34,3";"42,2";"42,1";"37,3";"32,8";"36,1";"35,4";"33,8";"33,3";"37,1";"36,7";"35,3";"32,1"
"06634";"Schwalm-Eder-Kreis";"Landkreis";"38,8";"39,4";"39,0";"35,4";"32,2";"31,7";"33,8";"29,5";"38,1";"37,3";"34,3";"29,3";"28,3";"28,1";"28,0";"29,9";"32,4";"31,7";"33,5";"31,0"
"06635";"Waldeck-Frankenberg";"Landkreis";"30,4";"30,2";"29,7";"24,8";"24,1";"24,9";"31,5";"27,7";"32,2";"33,0";"28,9";"24,7";"31,0";"30,4";"30,5";"31,0";"31,5";"32,6";"31,3";"29,8"
"06636";"Werra-Meißner-Kreis";"Landkreis";"42,8";"43,8";"44,8";"42,8";"38,5";"35,2";"40,6";"36,8";"42,5";"45,7";"42,8";"36,5";"33,4";"33,7";"33,1";"33,2";"36,5";"36,9";"35,0";"34,4"
"07111";"Koblenz, Stadt";"krsfr. Stadt";"26,2";"26,9";"31,1";"25,1";"23,2";"23,3";"27,1";"23,3";"38,3";"39,7";"30,9";"25,8";"31,5";"31,3";"31,8";"32,1";"31,4";"34,1";"34,2";"32,5"
"07131";"Ahrweiler";"Landkreis";"29,4";"29,1";"28,8";"26,9";"23,8";"24,0";"28,1";"28,1";"30,1";"28,9";"26,5";"24,4";"26,0";"27,1";"29,4";"29,7";"30,7";"28,3";"29,9";"28,0"
"07132";"Altenkirchen (Westerwald)";"Landkreis";"35,4";"36,4";"35,2";"28,9";"28,5";"28,9";"34,0";"29,6";"34,7";"36,3";"34,4";"22,6";"32,0";"34,0";"34,1";"33,0";"36,7";"36,3";"35,2";"32,9"
"07133";"Bad Kreuznach";"Landkreis";"38,9";"39,0";"38,8";"34,8";"32,7";"30,4";"33,8";"32,8";"37,8";"39,3";"37,5";"33,2";"37,2";"36,9";"37,3";"39,0";"40,4";"41,7";"38,8";"38,6"
"07134";"Birkenfeld";"Landkreis";"39,2";"39,9";"38,6";"30,7";"32,1";"31,4";"35,9";"33,9";"39,4";"39,1";"39,8";"33,2";"36,6";"34,7";"35,9";"36,9";"40,7";"41,9";"41,9";"41,3"
"07135";"Cochem-Zell";"Landkreis";"22,8";"23,4";"25,3";"20,5";"17,0";"15,7";"21,5";"21,4";"29,5";"28,7";"26,8";"22,1";"24,3";"28,3";"26,3";"24,2";"27,5";"27,5";"30,2";"27,9"
"07137";"Mayen-Koblenz";"Landkreis";"31,5";"32,0";"32,9";"28,3";"27,8";"27,9";"30,9";"28,4";"35,5";"34,7";"31,5";"25,5";"27,2";"30,1";"27,8";"26,9";"29,0";"28,1";"26,6";"24,9"
"07138";"Neuwied";"Landkreis";"31,0";"33,3";"34,7";"29,0";"29,2";"30,3";"34,9";"31,0";"34,8";"34,0";"30,3";"26,8";"31,3";"30,3";"30,3";"30,1";"31,4";"34,4";"33,6";"32,7"
"07140";"Rhein-Hunsrück-Kreis";"Landkreis";"33,6";"32,4";"32,7";"27,7";"27,5";"26,3";"28,0";"28,8";"34,7";"36,8";"36,2";"30,0";"33,6";"31,2";"32,2";"33,0";"35,4";"33,0";"32,0";"30,7"
"07141";"Rhein-Lahn-Kreis";"Landkreis";"30,0";"30,2";"30,4";"26,9";"25,5";"23,5";"26,5";"23,8";"27,9";"25,6";"27,9";"21,4";"25,1";"26,7";"25,5";"24,3";"25,1";"27,2";"26,1";"24,0"
"07143";"Westerwaldkreis";"Landkreis";"30,4";"30,6";"30,7";"22,8";"20,5";"20,0";"24,3";"23,7";"29,8";"30,5";"32,7";"22,2";"26,0";"26,0";"24,5";"23,2";"25,4";"25,9";"25,6";"21,9"
"07211";"Trier, Stadt";"krsfr. Stadt";"33,7";"34,0";"36,1";"34,5";"31,9";"30,9";"32,6";"25,4";"25,7";"28,1";"24,8";"22,4";"23,3";"25,8";"24,2";"26,6";"27,2";"27,1";"27,0";"24,9"
"07231";"Bernkastel-Wittlich";"Landkreis";"30,2";"30,5";"32,7";"26,7";"25,8";"23,2";"23,9";"21,5";"22,1";"22,9";"22,8";"20,3";"21,3";"20,7";"20,0";"20,4";"23,7";"25,5";"25,9";"23,6"
"07232";"Eifelkreis Bitburg-Prüm";"Landkreis";"33,3";"31,7";"33,6";"27,4";"25,6";"25,1";"25,8";"19,4";"20,7";"23,0";"32,7";"17,1";"20,2";"21,1";"20,6";"21,2";"22,4";"23,7";"26,4";"23,4"
"07233";"Vulkaneifel";"Landkreis";"26,5";"26,0";"27,9";"24,5";"22,6";"23,1";"23,5";"27,8";"28,4";"8,2";"11,5";"28,6";"35,2";"37,5";"34,7";"32,9";"38,9";"38,0";"36,1";"39,1"
"07235";"Trier-Saarburg";"Landkreis";"32,8";"31,8";"34,3";"30,8";"28,0";"26,3";"27,4";"24,5";"22,4";"26,0";"25,2";"18,9";"20,9";"24,4";"23,3";"24,9";"30,1";"29,9";"27,9";"27,3"
"07311";"Frankenthal (Pfalz), Stadt";"krsfr. Stadt";"37,4";"36,9";"36,1";"35,1";"31,5";"29,5";"33,3";"36,9";"43,5";"44,0";"38,3";"34,3";"36,6";"36,9";"38,3";"36,7";"35,2";"37,9";"37,0";"35,8"
"07312";"Kaiserslautern, Stadt";"krsfr. Stadt";"44,7";"43,9";"40,9";"36,8";"36,0";"32,3";"35,0";"35,9";"37,3";"44,5";"38,2";"35,4";"39,7";"37,1";"39,9";"40,1";"42,7";"43,4";"40,2";"39,9"
"07313";"Landau in der Pfalz, Stadt";"krsfr. Stadt";"34,8";"32,8";"31,8";"30,8";"27,8";"26,7";"30,4";"28,3";"28,6";"29,7";"26,5";"24,6";"29,9";"30,9";"29,8";"29,4";"31,0";"32,3";"30,2";"33,4"
"07314";"Ludwigshafen am Rhein, Stadt";"krsfr. Stadt";"34,2";"34,2";"38,1";"35,3";"33,2";"35,3";"36,7";"39,0";"42,7";"48,0";"39,7";"39,7";"40,6";"39,5";"41,2";"39,4";"39,0";"38,0";"35,7";"33,2"
"07315";"Mainz, Stadt";"krsfr. Stadt";"37,1";"36,4";"37,6";"33,3";"30,4";"28,8";"32,9";"32,6";"36,0";"35,8";"34,5";"32,3";"30,7";"31,5";"33,2";"34,0";"37,4";"38,0";"36,7";"34,2"
"07316";"Neustadt an der Weinstraße, Stadt";"krsfr. Stadt";"37,2";"37,7";"36,5";"33,6";"28,3";"26,9";"29,4";"27,9";"33,9";"36,2";"31,2";"27,6";"34,4";"34,2";"34,7";"35,3";"37,1";"34,9";"31,3";"29,7"
"07317";"Pirmasens, Stadt";"krsfr. Stadt";"45,6";"45,5";"44,4";"41,8";"36,0";"37,3";"43,9";"40,1";"37,5";"38,5";"40,6";"38,5";"41,6";"36,1";"38,3";"39,5";"44,1";"43,7";"46,4";"45,3"
"07318";"Speyer, Stadt";"krsfr. Stadt";"34,2";"31,6";"34,5";"32,1";"28,3";"29,1";"33,4";"34,5";"44,1";"45,0";"43,8";"46,1";"44,7";"41,2";"41,3";"41,9";"41,5";"43,2";"38,2";"38,3"
"07319";"Worms, Stadt";"krsfr. Stadt";"41,8";"42,1";"43,0";"41,0";"34,6";"29,7";"31,0";"31,0";"38,2";"40,7";"34,0";"29,1";"31,1";"36,9";"34,2";"35,2";"37,5";"35,2";"36,3";"34,1"
"07320";"Zweibrücken, Stadt";"krsfr. Stadt";"42,4";"40,2";"37,2";"33,6";"33,5";"34,1";"38,9";"34,9";"39,6";"35,2";"34,5";"30,4";"33,7";"32,5";"33,6";"34,2";"36,4";"38,5";"38,9";"37,4"
"07331";"Alzey-Worms";"Landkreis";"37,2";"34,7";"36,8";"34,4";"31,2";"26,9";"31,7";"31,4";"36,7";"38,1";"30,4";"24,0";"28,1";"27,4";"27,2";"27,9";"31,5";"31,3";"30,5";"28,2"
"07332";"Bad Dürkheim";"Landkreis";"37,0";"34,8";"35,8";"33,2";"30,6";"28,8";"28,0";"30,2";"32,6";"36,6";"34,5";"25,4";"29,4";"29,3";"29,0";"30,6";"32,9";"33,4";"31,4";"30,9"
"07333";"Donnersbergkreis";"Landkreis";"43,5";"43,6";"42,7";"39,1";"37,2";"36,3";"34,5";"30,0";"37,7";"37,6";"37,8";"24,9";"32,8";"35,1";"32,1";"33,4";"33,3";"33,5";"32,0";"32,6"
"07334";"Germersheim";"Landkreis";"38,5";"39,9";"38,2";"32,1";"28,2";"26,3";"30,9";"30,2";"28,5";"30,6";"23,1";"17,6";"24,9";"27,6";"25,7";"27,1";"28,6";"28,6";"26,4";"25,4"
"07335";"Kaiserslautern";"Landkreis";"42,5";"40,5";"38,9";"35,4";"35,3";"30,5";"32,7";"30,6";"32,7";"34,2";"31,0";"28,9";"31,9";"32,7";"33,1";"33,2";"35,9";"34,5";"35,3";"34,2"
"07336";"Kusel";"Landkreis";"46,6";"44,7";"44,0";"37,2";"36,7";"32,2";"33,2";"29,7";"36,6";"41,3";"42,2";"30,2";"35,8";"32,7";"29,0";"33,3";"33,4";"32,9";"34,1";"35,2"
"07337";"Südliche Weinstraße";"Landkreis";"36,8";"35,5";"33,8";"31,3";"28,9";"28,6";"31,7";"29,8";"34,4";"37,4";"36,7";"26,2";"29,4";"29,9";"29,5";"29,8";"31,7";"32,3";"30,0";"30,4"
"07338";"Rhein-Pfalz-Kreis";"Landkreis";"39,7";"36,7";"38,6";"35,1";"30,5";"28,7";"30,9";"34,2";"41,6";"45,4";"37,6";"39,5";"38,8";"37,1";"37,6";"36,0";"37,0";"36,8";"31,7";"30,8"
"07339";"Mainz-Bingen";"Landkreis";"37,3";"37,6";"38,9";"35,2";"30,2";"26,8";"31,0";"29,0";"33,3";"34,9";"31,0";"28,9";"31,2";"30,7";"25,3";"27,7";"32,5";"30,8";"28,8";"27,4"
"07340";"Südwestpfalz";"Landkreis";"43,8";"41,9";"40,6";"38,5";"34,0";"32,8";"38,7";"27,7";"28,6";"14,8";"14,0";"28,2";"30,6";"31,2";"27,2";"23,2";"30,2";"30,0";"31,1";"31,9"
"08111";"Stuttgart, Stadt";"krsfr. Stadt";"38,2";"37,6";"36,8";"33,0";"27,5";"27,8";"29,9";"26,7";"43,7";"39,0";"32,4";"27,3";"31,5";"34,9";"34,3";"39,3";"38,8";"40,7";"40,3";"38,2"
"08115";"Böblingen";"Landkreis";"45,9";"47,9";"48,2";"42,2";"31,5";"26,6";"31,4";"31,4";"33,0";"37,1";"30,5";"23,3";"32,3";"34,4";"29,5";"29,3";"30,0";"29,7";"28,2";"25,3"
"08116";"Esslingen";"Landkreis";"36,7";"35,9";"34,5";"27,9";"19,2";"18,8";"25,3";"24,3";"32,1";"33,1";"26,7";"23,3";"30,7";"35,2";"34,0";"31,7";"32,6";"32,0";"29,8";"29,8"
"08117";"Göppingen";"Landkreis";"38,1";"37,3";"36,8";"30,6";"23,1";"21,4";"27,0";"28,1";"32,0";"33,2";"27,3";"18,6";"25,6";"28,9";"25,2";"24,5";"27,1";"27,0";"23,1";"23,6"
"08118";"Ludwigsburg";"Landkreis";"36,6";"35,3";"34,8";"30,1";"21,8";"21,0";"25,2";"27,1";"32,1";"32,1";"27,4";"23,8";"29,5";"31,4";"29,7";"27,2";"30,1";"29,7";"28,3";"27,8"
"08119";"Rems-Murr-Kreis";"Landkreis";"38,5";"37,4";"35,1";"29,6";"22,6";"24,1";"27,1";"29,1";"35,7";"38,1";"31,6";"24,0";"30,3";"35,0";"31,4";"29,8";"29,8";"30,4";"27,9";"26,7"
"08121";"Heilbronn, Stadt";"krsfr. Stadt";"37,5";"39,2";"37,5";"32,8";"25,7";"29,0";"30,6";"28,8";"34,2";"31,2";"27,5";"22,3";"28,5";"29,8";"28,7";"28,2";"30,6";"30,4";"28,6";"25,0"
"08125";"Heilbronn";"Landkreis";"39,7";"39,3";"38,2";"31,7";"24,2";"24,9";"28,0";"29,2";"36,5";"35,7";"34,3";"25,4";"31,1";"32,3";"30,0";"28,5";"31,5";"31,1";"30,3";"30,5"
"08126";"Hohenlohekreis";"Landkreis";"34,7";"32,8";"32,9";"27,2";"23,7";"28,3";"34,3";"33,6";"34,8";"29,9";"21,2";"20,5";"30,8";"33,2";"29,2";"32,0";"33,4";"31,5";"30,2";"29,5"
"08127";"Schwäbisch Hall";"Landkreis";"31,8";"29,6";"30,0";"25,7";"23,1";"25,2";"29,5";"29,6";"30,5";"27,1";"17,8";"15,3";"21,5";"26,2";"26,1";"26,4";"25,8";"27,4";"28,7";"30,8"
"08128";"Main-Tauber-Kreis";"Landkreis";"33,4";"31,2";"31,7";"28,5";"22,7";"25,0";"31,1";"29,8";"35,3";"34,7";"32,7";"27,2";"32,7";"33,1";"34,0";"30,4";"32,1";"29,8";"29,4";"29,8"
"08135";"Heidenheim";"Landkreis";"45,8";"44,4";"45,2";"37,0";"31,1";"29,9";"35,8";"33,8";"34,9";"35,0";"25,3";"21,5";"31,1";"33,7";"33,1";"32,8";"35,2";"35,3";"33,8";"31,4"
"08136";"Ostalbkreis";"Landkreis";"40,8";"39,3";"39,9";"35,0";"30,1";"28,8";"32,3";"33,1";"34,9";"34,1";"28,3";"21,1";"29,7";"34,5";"31,1";"31,5";"33,4";"32,1";"31,4";"32,6"
"08211";"Baden-Baden, Stadt";"krsfr. Stadt";"27,3";"29,3";"29,1";"25,6";"24,1";"24,3";"29,9";"28,7";"43,6";"38,9";"32,3";"32,2";"36,4";"38,6";"40,7";"40,1";"42,3";"40,0";"38,6";"37,2"
"08212";"Karlsruhe, Stadt";"krsfr. Stadt";"36,0";"37,0";"36,9";"33,4";"30,1";"29,2";"33,1";"34,0";"37,0";"37,6";"32,6";"29,0";"30,3";"31,5";"32,3";"31,9";"32,3";"31,4";"32,0";"30,0"
"08215";"Karlsruhe";"Landkreis";"36,3";"37,2";"39,1";"34,5";"29,2";"26,5";"30,9";"32,0";"34,1";"32,1";"27,0";"19,2";"25,3";"27,2";"24,8";"23,3";"24,7";"24,9";"25,0";"24,2"
"08216";"Rastatt";"Landkreis";"37,1";"36,6";"37,6";"31,6";"25,5";"24,8";"27,8";"29,0";"32,0";"32,3";"28,5";"20,9";"27,0";"28,3";"27,2";"29,0";"29,1";"28,7";"27,3";"27,5"
"08221";"Heidelberg, Stadt";"krsfr. Stadt";"34,3";"34,5";"35,9";"32,6";"27,7";"27,2";"31,5";"31,6";"39,3";"39,9";"33,9";"31,0";"33,1";"35,5";"34,2";"35,4";"36,1";"37,7";"35,3";"30,2"
"08222";"Mannheim, Stadt";"krsfr. Stadt";"42,1";"43,6";"43,1";"40,3";"37,1";"36,7";"37,2";"33,9";"49,2";"44,5";"39,0";"33,4";"35,9";"36,4";"38,1";"38,0";"36,8";"37,5";"38,0";"38,3"
"08225";"Neckar-Odenwald-Kreis";"Landkreis";"36,7";"35,4";"36,9";"33,2";"28,6";"28,6";"34,8";"35,8";"42,7";"40,6";"34,3";"30,3";"36,4";"38,2";"35,6";"32,9";"35,3";"36,9";"33,3";"32,9"
"08226";"Rhein-Neckar-Kreis";"Landkreis";"37,1";"37,2";"38,5";"33,7";"29,5";"28,8";"30,6";"32,7";"40,7";"36,1";"29,8";"26,3";"32,2";"32,1";"29,7";"31,3";"33,6";"35,1";"35,2";"31,8"
"08231";"Pforzheim, Stadt";"Landkreis";"38,7";"37,5";"35,5";"30,1";"24,8";"29,0";"37,0";"36,1";"35,5";"34,6";"28,5";"29,6";"37,6";"35,8";"35,4";"37,0";"35,6";"33,7";"32,8";"29,0"
"08235";"Calw";"Landkreis";"31,9";"32,8";"33,0";"27,0";"23,1";"20,9";"25,6";"28,8";"32,2";"34,8";"28,9";"22,4";"32,4";"32,9";"31,4";"28,6";"32,0";"33,9";"31,5";"26,1"
"08236";"Enzkreis";"Landkreis";"36,4";"36,9";"36,4";"33,6";"25,0";"25,0";"29,7";"30,2";"32,1";"29,8";"24,6";"19,9";"27,1";"29,7";"26,8";"26,5";"26,7";"26,3";"26,6";"27,1"
"08237";"Freudenstadt";"Landkreis";"30,0";"29,7";"33,9";"26,2";"23,0";"23,6";"29,8";"30,5";"35,8";"36,0";"28,1";"22,5";"32,0";"32,4";"30,5";"32,5";"34,9";"34,8";"32,0";"31,2"
"08311";"Freiburg im Breisgau, Stadt";"krsfr. Stadt";"36,3";"35,4";"35,3";"32,4";"29,2";"27,8";"31,0";"27,5";"38,1";"39,0";"37,6";"31,9";"27,2";"27,2";"28,9";"30,7";"33,3";"34,3";"34,5";"32,0"
"08315";"Breisgau-Hochschwarzwald";"Landkreis";"31,9";"33,0";"32,7";"28,0";"23,7";"24,1";"26,2";"25,8";"32,3";"32,4";"27,1";"25,6";"27,3";"28,5";"26,4";"26,3";"27,7";"27,8";"27,2";"25,6"
"08316";"Emmendingen";"Landkreis";"34,5";"35,5";"34,7";"28,7";"25,5";"26,7";"28,3";"24,4";"24,8";"22,0";"17,6";"15,1";"17,9";"20,2";"20,3";"21,1";"21,8";"23,8";"24,1";"20,9"
"08317";"Ortenaukreis";"Landkreis";"38,3";"37,8";"37,8";"30,5";"24,4";"26,4";"30,1";"28,2";"31,5";"9,2";"6,0";"28,2";"33,2";"31,8";"29,4";"30,0";"32,0";"31,4";"31,6";"34,8"
"08325";"Rottweil";"Landkreis";"35,6";"32,9";"35,2";"31,5";"23,2";"22,6";"29,4";"28,2";"34,3";"37,2";"28,3";"19,9";"29,6";"31,2";"27,2";"27,4";"28,3";"24,5";"24,6";"24,4"
"08326";"Schwarzwald-Baar-Kreis";"Landkreis";"37,6";"34,7";"32,3";"27,7";"20,7";"23,4";"30,1";"31,4";"35,7";"35,1";"26,4";"21,1";"32,1";"32,5";"27,1";"27,0";"28,6";"27,7";"24,3";"23,8"
"08327";"Tuttlingen";"Landkreis";"36,7";"35,4";"34,5";"32,2";"25,9";"23,2";"29,6";"27,2";"29,8";"8,9";"9,2";"24,5";"37,2";"35,7";"25,1";"25,6";"26,9";"24,7";"23,2";"24,4"
"08335";"Konstanz";"Landkreis";"37,9";"38,3";"38,2";"33,7";"29,4";"29,9";"30,2";"29,8";"35,3";"32,6";"24,0";"20,7";"27,3";"29,2";"26,8";"25,5";"27,6";"27,8";"25,8";"22,8"
"08336";"Lörrach";"Landkreis";"41,6";"41,4";"40,6";"34,9";"26,6";"25,7";"26,0";"24,2";"34,8";"33,6";"28,8";"24,4";"28,5";"30,5";"28,7";"27,1";"29,0";"27,3";"25,4";"24,0"
"08337";"Waldshut";"Landkreis";"39,6";"40,4";"39,4";"34,4";"26,2";"25,3";"28,4";"27,0";"29,4";"3,4";"4,3";"22,5";"29,8";"29,7";"21,7";"19,0";"24,5";"25,0";"22,5";"25,4"
"08415";"Reutlingen";"Landkreis";"41,1";"39,7";"36,9";"32,2";"25,0";"24,9";"26,3";"29,2";"33,8";"34,2";"30,6";"24,3";"32,5";"36,3";"33,7";"33,0";"35,0";"34,6";"33,0";"30,6"
"08416";"Tübingen";"Landkreis";"39,7";"39,1";"37,2";"32,7";"27,1";"27,5";"30,8";"29,3";"35,0";"38,8";"31,2";"23,8";"29,0";"33,0";"32,0";"32,3";"33,5";"31,5";"31,7";"29,5"
"08417";"Zollernalbkreis";"Landkreis";"37,4";"40,5";"37,1";"34,2";"26,6";"27,4";"32,0";"34,4";"42,6";"40,0";"32,1";"24,9";"31,0";"33,2";"30,6";"31,1";"32,9";"33,8";"32,1";"30,7"
"08421";"Ulm, Stadt";"krsfr. Stadt";"33,5";"35,4";"35,6";"30,3";"24,1";"24,3";"29,3";"29,3";"41,0";"35,5";"29,3";"22,5";"27,7";"28,5";"25,9";"29,4";"31,6";"30,5";"27,0";"24,5"
"08425";"Alb-Donau-Kreis";"Landkreis";"35,4";"34,5";"36,2";"32,8";"27,5";"25,6";"28,2";"28,1";"32,8";"28,3";"24,3";"16,4";"24,1";"25,2";"22,2";"22,6";"24,2";"22,6";"22,8";"24,5"
"08426";"Biberach";"Landkreis";"30,1";"31,8";"32,7";"29,8";"24,6";"24,5";"27,3";"27,1";"29,4";"11,0";"11,0";"17,3";"23,7";"28,7";"25,0";"22,6";"28,4";"26,4";"26,6";"25,4"
"08435";"Bodenseekreis";"Landkreis";"31,2";"29,9";"30,8";"27,3";"23,8";"24,9";"25,3";"29,1";"32,2";"7,2";"5,4";"23,3";"28,4";"30,8";"27,1";"24,6";"25,2";"24,7";"26,0";"24,7"
"08436";"Ravensburg";"Landkreis";"27,9";"26,2";"26,0";"23,6";"20,2";"21,7";"23,7";"21,2";"26,1";"24,7";"19,5";"16,3";"20,4";"22,9";"20,9";"21,0";"25,8";"26,6";"24,5";"25,6"
"08437";"Sigmaringen";"Landkreis";"35,9";"36,2";"35,0";"31,3";"28,4";"31,0";"33,0";"31,8";"36,0";"31,6";"25,9";"20,0";"27,0";"26,5";"26,5";"26,4";"28,7";"28,6";"27,6";"24,7"
"09161";"Ingolstadt, Stadt";"krsfr. Stadt";"34,4";"34,2";"31,3";"27,1";"24,8";"24,6";"28,1";"33,2";"36,3";"30,9";"25,3";"18,0";"21,1";"25,2";"21,0";"21,7";"24,5";"27,0";"27,6";"23,6"
"09162";"München, Stadt";"krsfr. Stadt";"31,9";"32,2";"32,5";"24,1";"19,3";"21,4";"25,9";"23,4";"41,5";"40,6";"33,5";"30,8";"30,9";"30,1";"28,9";"28,6";"27,6";"27,5";"27,3";"26,8"
"09163";"Rosenheim, Stadt";"krsfr. Stadt";"28,3";"27,0";"25,9";"18,8";"16,8";"22,0";"26,4";"27,7";"38,5";"36,2";"31,9";"24,5";"25,9";"24,0";"23,0";"24,7";"26,8";"26,9";"23,9";"22,2"
"09171";"Altötting";"Landkreis";"31,1";"34,1";"34,9";"30,6";"28,1";"26,1";"28,5";"29,5";"34,3";"32,2";"27,5";"21,1";"24,7";"25,5";"25,0";"25,2";"26,3";"26,9";"25,0";"24,7"
"09172";"Berchtesgadener Land";"Landkreis";"19,8";"20,8";"20,9";"15,7";"15,4";"16,5";"18,7";"20,0";"26,5";"24,0";"21,4";"15,7";"16,1";"16,6";"18,3";"18,3";"22,5";"22,9";"24,4";"25,5"
"09173";"Bad Tölz-Wolfratshausen";"Landkreis";"30,1";"23,8";"22,1";"17,7";"13,5";"16,0";"21,8";"27,5";"34,7";"30,2";"22,1";"19,0";"20,8";"22,2";"23,1";"20,7";"22,1";"17,6";"13,9";"14,8"
"09174";"Dachau";"Landkreis";"37,7";"38,3";"39,8";"27,6";"20,5";"20,1";"23,1";"25,2";"30,1";"28,6";"20,8";"17,9";"22,4";"24,6";"22,3";"20,1";"20,0";"17,8";"15,6";"16,4"
"09175";"Ebersberg";"Landkreis";"33,3";"33,5";"34,9";"23,9";"17,9";"19,2";"24,3";"25,4";"32,5";"32,8";"29,2";"22,3";"20,7";"22,8";"22,5";"18,5";"21,3";"19,9";"19,5";"19,4"
"09176";"Eichstätt";"Landkreis";"32,9";"31,0";"29,3";"25,3";"21,5";"17,9";"18,3";"18,8";"22,2";"20,3";"20,2";"9,2";"13,1";"15,1";"12,9";"12,8";"13,2";"11,3";"11,8";"10,8"
"09177";"Erding";"Landkreis";"19,5";"20,4";"20,8";"13,7";"10,3";"13,0";"17,4";"18,9";"22,0";"23,8";"19,8";"15,0";"17,8";"20,6";"20,7";"18,8";"20,8";"20,4";"15,7";"16,0"
"09178";"Freising";"Landkreis";"19,1";"21,5";"19,5";"12,5";"9,9";"12,9";"16,6";"16,0";"16,9";"18,0";"16,7";"11,2";"15,6";"20,3";"16,4";"16,8";"18,6";"16,7";"16,1";"16,9"
"09179";"Fürstenfeldbruck";"Landkreis";"36,1";"34,2";"34,7";"27,3";"22,9";"22,4";"25,9";"26,6";"28,8";"32,0";"28,3";"24,5";"27,4";"28,7";"26,8";"25,3";"23,6";"24,7";"22,1";"20,4"
"09180";"Garmisch-Partenkirchen";"Landkreis";"18,8";"17,4";"16,7";"14,2";"10,6";"13,3";"17,7";"18,1";"22,4";"21,0";"19,0";"21,0";"22,1";"20,1";"20,8";"22,0";"22,6";"19,3";"21,0";"21,9"
"09181";"Landsberg am Lech";"Landkreis";"27,5";"27,7";"28,2";"21,5";"12,0";"16,2";"23,1";"24,8";"33,7";"31,9";"28,5";"15,0";"20,6";"24,0";"22,6";"20,2";"20,3";"18,6";"17,5";"18,0"
"09182";"Miesbach";"Landkreis";"26,6";"23,3";"23,7";"18,0";"13,4";"16,0";"21,5";"27,0";"29,1";"9,2";"10,5";"23,1";"25,8";"27,0";"24,1";"21,2";"25,3";"21,1";"21,7";"21,9"
"09183";"Mühldorf a.Inn";"Landkreis";"26,5";"29,2";"32,5";"28,4";"25,7";"27,8";"30,1";"31,5";"39,2";"40,3";"37,9";"28,9";"32,1";"30,2";"27,8";"27,8";"29,3";"30,3";"29,2";"28,0"
"09184";"München";"Landkreis";"39,2";"38,9";"39,7";"29,3";"22,4";"20,8";"25,0";"24,6";"31,2";"29,9";"24,0";"21,2";"23,1";"24,1";"20,5";"26,8";"27,5";"25,4";"26,8";"27,6"
"09185";"Neuburg-Schrobenhausen";"Landkreis";"32,2";"36,0";"33,8";"27,9";"25,9";"26,6";"28,2";"26,3";"30,1";"27,9";"23,3";"14,5";"17,3";"20,3";"21,7";"22,7";"24,2";"21,6";"15,8";"16,3"
"09186";"Pfaffenhofen a.d.Ilm";"Landkreis";"37,5";"36,0";"35,1";"31,5";"28,4";"25,9";"24,1";"21,7";"23,8";"22,8";"18,5";"11,8";"15,9";"18,5";"15,5";"14,1";"14,6";"15,2";"12,3";"10,5"
"09187";"Rosenheim";"Landkreis";"26,6";"24,5";"22,9";"17,8";"12,5";"16,6";"21,6";"23,9";"30,4";"27,2";"24,4";"20,0";"22,1";"23,6";"23,8";"22,4";"21,9";"21,9";"22,0";"21,8"
"09188";"Starnberg";"Landkreis";"32,2";"33,8";"35,9";"27,2";"19,8";"18,9";"21,9";"23,9";"32,3";"30,4";"25,6";"25,9";"26,2";"25,2";"27,5";"26,1";"23,6";"24,3";"21,7";"21,9"
"09189";"Traunstein";"Landkreis";"23,1";"23,0";"22,3";"17,1";"14,0";"15,4";"18,1";"19,8";"29,4";"27,9";"24,1";"20,5";"22,3";"22,9";"23,4";"22,4";"22,2";"23,8";"25,1";"23,3"
"09190";"Weilheim-Schongau";"Landkreis";"25,5";"25,1";"25,6";"19,8";"12,9";"15,0";"20,6";"21,4";"28,7";"33,0";"29,7";"21,4";"27,3";"23,6";"20,9";"20,7";"24,6";"25,5";"25,7";"24,3"
"09261";"Landshut, Stadt";"krsfr. Stadt";"26,4";"26,4";"26,8";"20,8";"18,8";"21,9";"26,6";"24,8";"34,7";"31,2";"21,9";"18,0";"22,1";"25,2";"25,2";"25,0";"27,1";"25,1";"26,2";"24,2"
"09262";"Passau, Stadt";"krsfr. Stadt";"30,8";"28,6";"27,9";"25,4";"23,3";"26,2";"31,6";"27,3";"35,4";"34,5";"28,2";"19,7";"25,0";"25,4";"23,1";"22,6";"23,4";"23,4";"22,7";"20,9"
"09263";"Straubing, Stadt";"krsfr. Stadt";"27,2";"27,2";"30,7";"25,4";"25,8";"27,7";"32,4";"28,9";"36,9";"35,4";"26,9";"19,6";"24,2";"24,6";"21,5";"21,5";"25,4";"26,7";"25,7";"26,1"
"09271";"Deggendorf";"Landkreis";"27,7";"25,9";"24,9";"21,0";"19,5";"21,7";"23,3";"22,9";"28,8";"28,4";"22,0";"14,6";"19,8";"20,2";"16,2";"15,2";"16,1";"13,8";"16,3";"18,0"
"09272";"Freyung-Grafenau";"Landkreis";"17,6";"16,5";"16,1";"13,6";"13,9";"19,5";"25,5";"22,2";"26,0";"30,9";"18,3";"13,5";"18,6";"20,0";"20,5";"17,8";"19,9";"20,9";"20,4";"17,3"
"09273";"Kelheim";"Landkreis";"28,4";"27,3";"26,9";"24,2";"19,8";"20,6";"21,4";"21,3";"26,6";"28,2";"25,6";"18,5";"22,1";"22,4";"21,0";"22,1";"22,0";"21,9";"19,7";"21,8"
"09274";"Landshut";"Landkreis";"26,9";"26,9";"27,9";"23,7";"20,3";"19,7";"22,1";"22,8";"26,3";"23,6";"20,4";"17,6";"20,6";"24,9";"24,1";"25,3";"25,1";"26,6";"26,9";"26,9"
"09275";"Passau";"Landkreis";"26,8";"24,5";"24,6";"21,1";"21,0";"23,5";"27,7";"26,7";"32,0";"31,2";"23,9";"16,5";"20,6";"22,1";"21,8";"19,2";"21,5";"21,8";"20,9";"20,6"
"09276";"Regen";"Landkreis";"19,4";"18,4";"17,2";"15,0";"15,4";"19,7";"18,9";"18,4";"25,4";"24,4";"19,8";"17,1";"18,7";"21,9";"19,5";"20,0";"22,4";"23,6";"19,5";"18,3"
"09277";"Rottal-Inn";"Landkreis";"27,0";"26,0";"24,3";"21,6";"22,5";"20,9";"22,8";"25,3";"29,1";"29,0";"26,5";"20,4";"22,7";"22,5";"23,8";"25,3";"28,0";"29,0";"27,8";"28,3"
"09278";"Straubing-Bogen";"Landkreis";"26,1";"25,2";"25,4";"21,5";"19,3";"20,6";"22,6";"21,0";"28,8";"29,2";"25,3";"15,8";"19,7";"20,2";"16,8";"17,4";"19,5";"17,8";"17,0";"18,4"
"09279";"Dingolfing-Landau";"Landkreis";"32,1";"31,3";"31,7";"22,1";"17,5";"19,3";"20,4";"17,4";"22,5";"24,5";"22,1";"16,3";"21,6";"25,5";"22,4";"21,0";"22,3";"22,3";"22,0";"18,2"
"09361";"Amberg, Stadt";"krsfr. Stadt";"41,4";"38,9";"39,9";"36,5";"35,2";"38,1";"41,2";"38,8";"40,3";"38,1";"30,4";"20,6";"27,5";"28,9";"26,8";"27,5";"28,8";"28,3";"27,0";"28,4"
"09362";"Regensburg, Stadt";"krsfr. Stadt";"35,5";"35,5";"33,4";"31,2";"28,0";"26,4";"28,6";"29,8";"34,0";"33,2";"31,1";"25,5";"28,9";"28,8";"25,0";"23,3";"25,8";"24,6";"22,8";"20,0"
"09363";"Weiden i.d.OPf., Stadt";"krsfr. Stadt";"29,1";"26,8";"27,4";"24,3";"24,8";"27,9";"34,7";"28,2";"41,5";"35,7";"29,5";"15,0";"21,9";"22,9";"25,9";"25,8";"30,2";"29,0";"30,6";"30,2"
"09371";"Amberg-Sulzbach";"Landkreis";"39,2";"36,8";"35,2";"30,3";"28,1";"28,7";"34,6";"35,4";"40,1";"39,5";"30,2";"19,9";"25,4";"27,2";"24,3";"21,7";"24,6";"24,9";"21,5";"22,0"
"09372";"Cham";"Landkreis";"24,9";"24,2";"24,8";"22,4";"20,2";"22,4";"26,7";"25,5";"28,6";"26,1";"18,4";"14,5";"18,0";"15,6";"12,2";"10,8";"13,8";"14,2";"14,5";"14,7"
"09373";"Neumarkt i.d.OPf.";"Landkreis";"35,3";"33,9";"36,2";"31,5";"24,9";"26,3";"29,0";"28,7";"32,1";"30,6";"20,2";"13,8";"17,5";"16,7";"14,8";"16,9";"19,9";"17,9";"18,0";"19,1"
"09374";"Neustadt a.d.Waldnaab";"Landkreis";"31,5";"28,1";"28,6";"25,9";"22,7";"25,0";"29,4";"27,4";"34,3";"33,8";"25,5";"17,4";"23,2";"23,9";"25,9";"26,8";"28,4";"27,9";"29,1";"28,6"
"09375";"Regensburg";"Landkreis";"32,3";"32,9";"31,9";"28,2";"24,3";"22,5";"23,4";"23,3";"27,1";"26,6";"23,9";"16,1";"24,0";"23,9";"20,2";"18,9";"20,3";"18,5";"18,2";"17,4"
"09376";"Schwandorf";"Landkreis";"35,1";"31,6";"30,1";"23,9";"21,4";"22,7";"25,8";"25,8";"33,5";"33,5";"26,8";"19,1";"22,7";"24,1";"22,5";"21,2";"23,2";"22,6";"24,2";"23,5"
"09377";"Tirschenreuth";"Landkreis";"30,3";"29,2";"30,6";"27,8";"26,9";"29,2";"33,2";"29,8";"38,8";"39,6";"36,1";"27,9";"30,6";"33,4";"32,1";"32,5";"34,6";"33,5";"33,7";"31,8"
"09461";"Bamberg, Stadt";"krsfr. Stadt";"33,5";"34,0";"34,1";"31,9";"30,6";"32,7";"33,9";"29,5";"34,3";"36,3";"30,8";"24,1";"25,3";"27,6";"25,7";"26,1";"27,3";"25,6";"26,5";"25,3"
"09462";"Bayreuth, Stadt";"krsfr. Stadt";"32,6";"31,0";"30,5";"26,2";"27,4";"30,5";"33,8";"35,1";"34,8";"30,6";"27,9";"23,2";"24,9";"26,6";"26,5";"27,1";"29,2";"28,8";"27,3";"25,6"
"09463";"Coburg, Stadt";"krsfr. Stadt";"34,6";"35,2";"32,0";"29,2";"30,6";"33,0";"38,8";"39,0";"46,0";"38,7";"31,8";"23,7";"19,9";"26,6";"24,1";"23,8";"27,2";"26,9";"27,3";"27,3"
"09464";"Hof, Stadt";"krsfr. Stadt";"37,6";"38,5";"36,6";"35,2";"36,3";"40,6";"41,7";"38,7";"41,4";"39,5";"33,9";"24,4";"20,6";"24,4";"28,1";"26,1";"29,9";"30,6";"26,5";"24,6"
"09471";"Bamberg";"Landkreis";"34,3";"33,8";"33,6";"29,3";"27,9";"28,9";"30,2";"30,0";"31,6";"35,0";"28,4";"19,4";"22,7";"26,6";"23,5";"24,2";"23,6";"22,5";"20,4";"20,3"
"09472";"Bayreuth";"Landkreis";"32,7";"31,2";"30,7";"27,2";"26,3";"26,9";"29,0";"30,5";"32,2";"32,9";"24,7";"19,5";"22,8";"26,2";"23,0";"23,4";"24,7";"23,7";"23,3";"23,5"
"09473";"Coburg";"Landkreis";"32,9";"33,8";"31,2";"28,1";"27,0";"30,1";"35,7";"37,1";"39,7";"34,7";"23,9";"18,2";"22,5";"24,2";"22,7";"22,6";"23,1";"25,9";"25,3";"24,2"
"09474";"Forchheim";"Landkreis";"39,7";"39,2";"38,8";"35,5";"31,4";"31,8";"29,1";"30,4";"36,8";"37,3";"29,2";"20,7";"23,4";"24,2";"22,3";"22,1";"22,9";"20,9";"21,7";"21,7"
"09475";"Hof";"Landkreis";"35,0";"34,0";"33,3";"30,7";"30,1";"34,1";"36,3";"35,1";"40,2";"38,7";"32,8";"26,2";"27,2";"28,0";"26,2";"26,2";"27,2";"24,4";"22,6";"21,8"
"09476";"Kronach";"Landkreis";"31,6";"32,6";"31,6";"26,8";"26,3";"29,4";"33,3";"33,5";"35,1";"33,9";"22,4";"16,2";"19,8";"21,7";"21,8";"21,3";"22,3";"24,8";"21,4";"20,4"
"09477";"Kulmbach";"Landkreis";"30,8";"33,2";"34,4";"32,0";"32,2";"33,6";"36,1";"37,7";"43,3";"38,8";"30,6";"24,4";"26,4";"29,4";"29,6";"27,1";"28,4";"30,2";"30,3";"30,2"
"09478";"Lichtenfels";"Landkreis";"33,2";"31,4";"29,6";"24,1";"26,0";"31,8";"36,4";"37,8";"38,4";"34,8";"29,4";"22,0";"21,3";"23,9";"24,4";"23,3";"25,3";"26,6";"27,0";"25,3"
"09479";"Wunsiedel i.Fichtelgebirge";"Landkreis";"35,8";"35,2";"35,5";"30,8";"31,0";"35,1";"37,9";"36,8";"37,2";"34,5";"28,0";"20,6";"23,8";"27,8";"29,5";"28,8";"27,6";"28,4";"27,7";"27,2"
"09561";"Ansbach, Stadt";"krsfr. Stadt";"29,6";"27,3";"29,4";"26,1";"21,3";"21,3";"24,5";"24,9";"26,5";"24,2";"21,5";"18,5";"23,5";"24,2";"21,7";"22,1";"24,1";"25,2";"24,3";"23,7"
"09562";"Erlangen, Stadt";"krsfr. Stadt";"42,1";"40,9";"40,5";"34,7";"27,5";"26,3";"29,4";"36,4";"44,0";"8,1";"3,5";"31,0";"35,2";"36,1";"34,7";"39,5";"40,2";"41,0";"36,2";"34,1"
"09563";"Fürth, Stadt";"krsfr. Stadt";"38,5";"39,2";"38,0";"31,3";"27,6";"30,4";"33,6";"30,4";"32,6";"34,8";"29,8";"25,4";"27,5";"29,9";"29,2";"30,2";"33,6";"35,2";"34,7";"35,0"
"09564";"Nürnberg, Stadt";"krsfr. Stadt";"36,4";"37,8";"37,3";"33,1";"30,4";"31,1";"36,0";"36,9";"38,1";"37,1";"34,4";"29,3";"32,4";"34,9";"34,9";"34,6";"34,7";"34,6";"32,6";"28,8"
"09565";"Schwabach, Stadt";"krsfr. Stadt";"34,3";"32,5";"28,7";"22,5";"18,6";"21,2";"29,1";"31,3";"32,0";"33,1";"30,5";"22,2";"25,9";"31,2";"32,6";"31,3";"31,9";"27,6";"27,7";"27,2"
"09571";"Ansbach";"Landkreis";"28,7";"28,2";"29,2";"24,1";"20,8";"21,6";"24,8";"26,2";"29,0";"28,0";"24,0";"17,6";"22,6";"25,3";"24,6";"24,1";"25,0";"27,7";"25,8";"26,6"
"09572";"Erlangen-Höchstadt";"Landkreis";"40,6";"41,6";"41,2";"34,8";"27,0";"25,1";"27,3";"30,7";"28,8";"28,3";"22,7";"18,8";"23,7";"25,3";"20,8";"20,1";"19,8";"19,7";"21,0";"20,5"
"09573";"Fürth";"Landkreis";"41,7";"42,2";"42,0";"34,8";"29,8";"29,5";"31,3";"31,6";"34,6";"37,2";"28,9";"21,2";"23,5";"26,3";"22,1";"25,4";"25,8";"25,7";"25,4";"29,5"
"09574";"Nürnberger Land";"Landkreis";"36,2";"36,7";"37,6";"33,5";"27,3";"25,8";"31,5";"32,7";"34,0";"34,9";"29,2";"21,4";"24,0";"25,5";"22,7";"21,8";"23,7";"23,9";"22,1";"19,5"
"09575";"Neustadt a.d.Aisch-Bad Windsheim";"Landkreis";"26,0";"25,1";"27,9";"21,8";"18,7";"21,1";"23,0";"23,7";"26,1";"24,1";"21,2";"12,3";"17,2";"20,6";"18,5";"17,6";"19,7";"18,7";"17,0";"17,7"
"09576";"Roth";"Landkreis";"34,0";"33,5";"32,0";"28,5";"24,7";"26,0";"30,5";"31,6";"32,4";"31,7";"23,7";"18,5";"22,3";"24,7";"23,6";"23,4";"25,5";"25,0";"23,8";"22,8"
"09577";"Weißenburg-Gunzenhausen";"Landkreis";"32,9";"31,8";"29,9";"25,1";"24,0";"26,6";"30,2";"29,6";"30,4";"28,2";"29,6";"18,4";"20,1";"21,8";"23,0";"22,7";"24,8";"24,6";"22,7";"23,3"
"09661";"Aschaffenburg, Stadt";"krsfr. Stadt";"32,0";"33,5";"34,5";"26,5";"21,7";"23,3";"26,6";"26,7";"30,0";"29,6";"25,9";"20,3";"24,4";"28,2";"27,7";"26,5";"25,5";"24,1";"22,8";"25,3"
"09662";"Schweinfurt, Stadt";"krsfr. Stadt";"43,3";"39,0";"41,3";"36,6";"34,6";"32,1";"31,9";"32,7";"37,2";"5,4";"2,5";"31,2";"33,6";"26,6";"24,2";"23,9";"31,6";"31,1";"28,8";"31,7"
"09663";"Würzburg, Stadt";"krsfr. Stadt";"29,8";"30,4";"30,0";"26,0";"25,7";"27,7";"32,9";"33,1";"42,7";"39,5";"32,7";"25,8";"29,5";"29,8";"28,3";"30,6";"32,8";"33,5";"29,8";"26,8"
"09671";"Aschaffenburg";"Landkreis";"35,4";"35,8";"35,8";"28,8";"23,7";"22,3";"24,8";"26,3";"29,3";"28,2";"21,8";"16,1";"21,0";"24,9";"24,0";"23,0";"25,1";"24,2";"22,7";"24,3"
"09672";"Bad Kissingen";"Landkreis";"33,5";"33,7";"33,5";"31,3";"30,0";"30,2";"32,9";"31,2";"32,4";"31,1";"23,4";"21,1";"26,1";"28,7";"28,7";"25,9";"29,4";"28,8";"28,6";"29,2"
"09673";"Rhön-Grabfeld";"Landkreis";"37,8";"36,3";"36,2";"32,9";"30,8";"30,8";"30,7";"26,5";"35,3";"33,7";"27,8";"20,1";"23,4";"23,6";"21,0";"21,8";"22,2";"22,6";"21,4";"26,1"
"09674";"Haßberge";"Landkreis";"35,8";"32,9";"33,5";"28,9";"25,9";"27,3";"30,0";"29,1";"31,6";"32,8";"26,0";"20,3";"26,4";"24,5";"20,4";"20,9";"22,3";"22,4";"22,8";"22,3"
"09675";"Kitzingen";"Landkreis";"24,6";"25,5";"23,6";"22,0";"20,0";"21,0";"25,3";"23,9";"28,1";"25,5";"23,9";"17,0";"18,9";"23,7";"21,4";"19,9";"20,3";"17,1";"15,2";"15,1"
"09676";"Miltenberg";"Landkreis";"35,4";"36,1";"35,7";"29,7";"26,2";"25,0";"30,5";"30,1";"32,9";"34,3";"22,6";"16,5";"20,3";"21,9";"19,2";"18,5";"19,7";"17,8";"17,6";"18,2"
"09677";"Main-Spessart";"Landkreis";"32,3";"31,8";"31,7";"29,6";"25,8";"26,1";"31,9";"30,8";"35,5";"33,0";"27,6";"16,3";"19,3";"20,5";"17,5";"20,0";"21,5";"19,9";"19,0";"18,5"
"09678";"Schweinfurt";"Landkreis";"41,1";"38,7";"39,7";"33,6";"31,1";"28,7";"26,1";"28,1";"31,5";"32,0";"26,4";"16,4";"23,2";"24,1";"22,4";"21,8";"22,1";"23,9";"23,7";"23,4"
"09679";"Würzburg";"Landkreis";"29,8";"30,2";"30,5";"25,7";"24,5";"25,3";"28,6";"27,2";"28,9";"15,1";"16,6";"30,7";"34,4";"35,2";"34,0";"29,7";"28,9";"25,8";"22,0";"20,6"
"09761";"Augsburg, Stadt";"krsfr. Stadt";"34,1";"32,8";"28,9";"24,5";"21,8";"25,4";"32,8";"31,0";"45,1";"40,8";"32,2";"24,7";"26,0";"26,3";"27,7";"27,5";"27,7";"28,3";"28,4";"26,7"
"09762";"Kaufbeuren, Stadt";"krsfr. Stadt";"35,1";"35,4";"35,2";"25,2";"22,5";"25,5";"29,9";"25,9";"27,4";"29,7";"26,1";"22,8";"27,2";"28,1";"28,0";"24,8";"26,6";"28,0";"32,1";"34,5"
"09763";"Kempten (Allgäu), Stadt";"krsfr. Stadt";"33,4";"32,0";"31,0";"29,2";"26,8";"27,3";"32,2";"28,4";"33,9";"30,1";"18,4";"13,9";"16,6";"17,2";"18,5";"20,5";"22,0";"24,4";"21,6";"22,3"
"09764";"Memmingen, Stadt";"krsfr. Stadt";"34,0";"33,8";"28,9";"20,5";"17,1";"21,7";"25,9";"26,2";"31,6";"30,6";"17,3";"13,4";"23,3";"26,7";"22,3";"22,1";"21,8";"20,9";"22,4";"23,0"
"09771";"Aichach-Friedberg";"Landkreis";"34,8";"30,9";"29,0";"25,4";"22,2";"22,8";"26,5";"27,4";"32,1";"33,5";"23,1";"17,6";"21,1";"24,0";"21,1";"21,8";"21,6";"20,2";"20,3";"17,7"
"09772";"Augsburg";"Landkreis";"37,8";"36,5";"32,2";"27,7";"21,9";"23,9";"28,5";"28,8";"33,2";"32,6";"22,7";"16,8";"21,0";"22,6";"20,6";"19,2";"19,6";"19,1";"19,1";"16,6"
"09773";"Dillingen a.d.Donau";"Landkreis";"33,0";"31,6";"30,6";"21,7";"17,0";"16,7";"23,9";"24,6";"32,2";"37,0";"30,9";"20,3";"21,3";"24,9";"24,7";"23,9";"26,1";"22,2";"19,6";"19,0"
"09774";"Günzburg";"Landkreis";"28,6";"28,2";"30,5";"26,8";"27,0";"28,0";"29,2";"30,2";"34,8";"30,8";"27,9";"13,4";"20,0";"24,3";"22,0";"24,5";"23,7";"22,9";"22,4";"22,6"
"09775";"Neu-Ulm";"Landkreis";"39,2";"39,0";"37,7";"32,1";"28,0";"27,3";"30,9";"31,6";"38,9";"34,5";"26,5";"16,5";"23,8";"25,5";"24,4";"23,6";"25,2";"23,8";"19,3";"17,1"
"09776";"Lindau (Bodensee)";"Landkreis";"25,9";"27,2";"30,1";"25,2";"19,8";"20,4";"21,6";"22,3";"24,9";"27,0";"28,1";"18,9";"23,6";"22,2";"18,6";"19,1";"18,2";"18,1";"18,4";"17,7"
"09777";"Ostallgäu";"Landkreis";"26,9";"27,5";"27,7";"23,2";"20,1";"19,4";"22,6";"22,6";"24,0";"23,3";"25,9";"16,0";"20,5";"22,5";"20,8";"19,6";"19,6";"20,3";"19,8";"20,7"
"09778";"Unterallgäu";"Landkreis";"28,8";"28,0";"24,0";"19,2";"15,8";"19,2";"23,7";"24,5";"28,6";"25,9";"32,5";"10,3";"17,1";"20,5";"16,0";"17,0";"17,8";"18,3";"19,8";"20,1"
"09779";"Donau-Ries";"Landkreis";"29,5";"29,7";"29,8";"22,6";"16,5";"16,5";"22,3";"21,2";"31,4";"32,1";"32,3";"19,0";"23,5";"26,5";"30,1";"25,5";"25,2";"21,8";"19,6";"22,0"
"09780";"Oberallgäu";"Landkreis";"29,2";"28,2";"27,9";"23,9";"21,3";"21,8";"24,7";"25,6";"26,9";"26,2";"20,5";"18,1";"22,8";"24,2";"22,6";"21,8";"20,0";"21,4";"19,5";"20,8"
"10041";"Regionalverband Saarbrücken";"Landkreis";"47,9";"47,2";"46,8";"44,9";"41,6";"40,1";"41,6";"34,7";"36,7";"41,9";"43,0";"31,9";"34,7";"36,9";"37,9";"38,2";"41,7";"41,7";"41,5";"37,2"
"10042";"Merzig-Wadern";"Landkreis";"41,8";"40,2";"36,2";"32,1";"28,1";"26,2";"31,2";"29,8";"30,1";"34,3";"32,0";"25,8";"30,3";"32,4";"29,3";"28,6";"32,0";"32,5";"31,1";"32,7"
"10043";"Neunkirchen";"Landkreis";"44,2";"42,8";"41,8";"38,3";"35,8";"37,2";"38,5";"33,3";"36,7";"34,7";"30,9";"27,3";"29,8";"33,2";"31,7";"33,8";"35,8";"35,9";"34,7";"35,6"
"10044";"Saarlouis";"Landkreis";"44,9";"42,2";"40,9";"35,8";"31,5";"30,1";"30,5";"28,4";"34,0";"35,8";"32,7";"27,6";"31,8";"31,8";"32,7";"35,0";"38,1";"37,5";"37,7";"35,6"
"10045";"Saarpfalz-Kreis";"Landkreis";"43,5";"40,9";"41,9";"37,9";"33,8";"34,6";"35,1";"32,2";"37,4";"38,3";"36,3";"29,8";"35,2";"39,4";"31,3";"34,1";"36,7";"37,1";"32,8";"33,7"
"10046";"St. Wendel";"Landkreis";"38,5";"36,1";"37,1";"33,2";"29,8";"28,3";"31,7";"27,1";"30,0";"11,5";"4,9";"23,6";"28,6";"25,1";"24,1";"23,6";"29,2";"26,9";"25,9";"27,9"
"11000";"Berlin, Stadt";"krsfr. Stadt";"35,5";"36,6";"36,2";"34,3";"35,3";"37,9";"41,5";"39,4";"43,3";"41,0";"38,0";"36,1";"36,1";"33,9";"34,3";"33,4";"32,6";"32,0";"31,9";"28,9"
"12051";"Brandenburg an der Havel, Stadt";"krsfr. Stadt";"38,2";"36,3";"44,2";"46,3";"45,7";"50,4";"51,5";"45,0";"45,3";"46,1";"41,7";"33,4";"37,9";"35,0";"42,6";"45,6";"43,5";"49,1";"46,5";"45,0"
"12052";"Cottbus, Stadt";"krsfr. Stadt";"39,1";"39,4";"41,2";"39,9";"42,1";"44,2";"46,4";"46,4";"43,0";"46,1";"40,7";"38,2";"38,5";"34,6";"41,0";"39,3";"38,9";"39,1";"41,9";"37,7"
"12053";"Frankfurt (Oder), Stadt";"krsfr. Stadt";"33,8";"30,1";"42,0";"41,6";"46,5";"49,9";"49,4";"42,0";"35,0";"37,6";"39,4";"40,0";"40,3";"42,3";"46,5";"48,9";"47,6";"47,4";"42,1";"40,4"
"12054";"Potsdam, Stadt";"krsfr. Stadt";"24,3";"25,1";"29,3";"28,1";"27,3";"30,8";"30,6";"28,0";"36,1";"33,2";"29,0";"27,2";"27,4";"28,1";"29,5";"30,4";"31,7";"33,5";"35,3";"32,7"
"12060";"Barnim";"Landkreis";"34,3";"32,5";"33,3";"33,2";"36,1";"38,9";"44,4";"41,7";"42,2";"46,2";"45,1";"43,3";"40,0";"37,0";"39,9";"41,5";"41,4";"41,8";"42,9";"39,4"
"12061";"Dahme-Spreewald";"Landkreis";"27,4";"29,0";"33,7";"31,9";"31,5";"34,9";"38,8";"36,5";"33,6";"34,6";"28,6";"22,6";"21,2";"21,9";"28,2";"30,8";"33,8";"35,2";"37,1";"34,9"
"12062";"Elbe-Elster";"Landkreis";"38,0";"36,1";"39,2";"37,0";"41,4";"43,1";"47,7";"46,0";"46,4";"50,6";"52,2";"45,7";"40,3";"39,5";"48,2";"47,6";"46,8";"47,8";"48,4";"47,0"
"12063";"Havelland";"Landkreis";"36,3";"34,4";"35,9";"35,9";"39,0";"42,4";"45,9";"43,6";"43,0";"44,6";"42,2";"39,0";"37,3";"40,2";"40,5";"37,2";"42,9";"42,3";"42,2";"43,3"
"12064";"Märkisch-Oderland";"Landkreis";"29,0";"25,5";"34,3";"31,6";"35,2";"38,2";"42,6";"38,3";"35,7";"38,7";"36,5";"35,2";"33,3";"32,2";"37,0";"36,0";"35,3";"35,1";"40,1";"36,2"
"12065";"Oberhavel";"Landkreis";"37,8";"36,2";"37,8";"36,7";"38,7";"41,3";"43,7";"27,1";"30,0";"10,0";"7,4";"48,0";"46,3";"44,9";"44,3";"43,8";"48,8";"48,1";"46,2";"44,9"
"12066";"Oberspreewald-Lausitz";"Landkreis";"39,2";"41,1";"42,9";"41,5";"43,8";"47,5";"51,3";"50,6";"51,2";"50,1";"49,2";"44,7";"45,5";"44,0";"50,7";"48,8";"48,9";"47,6";"50,1";"45,5"
"12067";"Oder-Spree";"Landkreis";"31,1";"27,5";"34,8";"33,1";"35,0";"37,0";"41,7";"27,2";"29,9";"8,8";"8,5";"32,4";"33,0";"30,9";"33,9";"44,8";"46,4";"47,5";"50,3";"48,6"
"12068";"Ostprignitz-Ruppin";"Landkreis";"35,3";"32,9";"34,5";"36,3";"39,4";"42,9";"45,5";"27,3";"29,8";"7,4";"6,4";"36,5";"39,1";"32,7";"32,0";"30,8";"36,3";"33,6";"34,4";"33,6"
"12069";"Potsdam-Mittelmark";"Landkreis";"26,9";"27,7";"32,6";"32,1";"32,4";"35,3";"36,5";"34,2";"36,2";"40,9";"38,0";"31,8";"33,0";"33,2";"35,4";"36,3";"39,3";"39,6";"39,0";"39,0"
"12070";"Prignitz";"Landkreis";"38,3";"34,3";"36,2";"38,0";"40,4";"42,8";"49,5";"45,1";"40,8";"42,1";"39,3";"32,2";"36,2";"37,6";"41,3";"42,6";"44,7";"46,5";"44,6";"42,3"
"12071";"Spree-Neiße";"Landkreis";"37,0";"36,3";"40,1";"39,4";"40,9";"44,6";"48,7";"27,2";"29,7";"14,5";"12,7";"36,9";"38,6";"35,3";"38,6";"39,2";"39,2";"40,3";"39,8";"38,9"
"12072";"Teltow-Fläming";"Landkreis";"28,4";"28,3";"34,5";"35,7";"34,8";"36,0";"39,3";"38,1";"38,5";"40,1";"35,7";"31,2";"28,2";"29,8";"31,6";"32,9";"36,3";"39,4";"40,6";"39,8"
"12073";"Uckermark";"Landkreis";"36,5";"30,9";"35,9";"39,1";"42,3";"44,4";"49,3";"27,4";"29,8";"9,1";"8,8";"45,1";"42,8";"39,9";"45,9";"45,9";"51,0";"52,3";"51,0";"49,4"
"13003";"Rostock, Stadt";"krsfr. Stadt";"33,3";"33,5";"30,0";"28,1";"30,1";"36,0";"40,9";"41,6";"43,9";"38,0";"36,0";"25,0";"25,8";"30,3";"36,2";"33,9";"36,7";"34,7";"35,5";"32,0"
"13004";"Schwerin, Stadt";"krsfr. Stadt";"35,1";"33,3";"31,1";"32,9";"28,4";"35,8";"41,3";"36,9";"34,0";"36,1";"31,9";"26,0";"28,0";"28,3";"30,7";"32,2";"35,1";"33,6";"31,9";"30,5"
"13071";"Mecklenburgische Seenplatte";"Landkreis";"33,3";"32,6";"32,6";"36,3";"39,8";"44,1";"49,1";"47,3";"36,9";"39,1";"32,7";"27,3";"27,3";"30,5";"36,3";"38,0";"41,5";"38,8";"44,4";"43,2"
"13072";"Landkreis Rostock";"Landkreis";"28,9";"26,7";"26,2";"26,3";"30,4";"35,5";"42,3";"42,9";"37,3";"34,1";"27,7";"22,4";"22,2";"24,6";"31,8";"31,6";"35,4";"34,8";"34,3";"35,6"
"13073";"Vorpommern-Rügen";"Landkreis";"28,4";"27,8";"28,3";"30,8";"31,5";"35,3";"40,5";"40,3";"33,7";"30,1";"27,3";"21,5";"21,8";"23,6";"27,1";"28,3";"28,9";"29,6";"28,3";"27,4"
"13074";"Nordwestmecklenburg";"Landkreis";"34,3";"36,6";"34,9";"33,8";"34,1";"38,1";"37,0";"36,3";"34,2";"40,0";"33,9";"31,5";"30,6";"32,7";"39,5";"38,4";"41,1";"38,4";"37,9";"36,1"
"13075";"Vorpommern-Greifswald";"Landkreis";"31,4";"29,9";"30,6";"34,7";"37,1";"41,3";"44,9";"40,2";"35,7";"26,2";"27,2";"28,7";"25,0";"25,1";"28,8";"31,3";"37,4";"38,2";"39,4";"37,4"
"13076";"Ludwigslust-Parchim";"Landkreis";"31,7";"31,8";"29,9";"30,5";"30,6";"37,2";"39,2";"37,0";"33,7";"39,7";"31,8";"28,7";"27,8";"27,8";"30,5";"32,6";"37,3";"36,9";"34,6";"32,8"
"14511";"Chemnitz, Stadt";"krsfr. Stadt";"34,7";"35,7";"33,6";"36,4";"37,3";"40,7";"44,9";"43,2";"40,7";"40,6";"16,6";"37,4";"37,1";"39,4";"41,1";"40,0";"39,8";"40,5";"41,0";"36,4"
"14521";"Erzgebirgskreis";"Landkreis";"27,5";"29,0";"31,2";"32,9";"36,3";"40,5";"45,6";"41,3";"37,2";"42,9";"13,6";"31,7";"38,4";"37,2";"35,9";"32,3";"38,5";"36,0";"38,3";"37,6"
"14522";"Mittelsachsen";"Landkreis";"37,8";"37,0";"37,5";"38,2";"40,3";"42,5";"46,8";"40,6";"40,6";"34,6";"10,1";"33,1";"37,7";"37,7";"40,8";"39,8";"42,2";"44,1";"43,9";"41,9"
"14523";"Vogtlandkreis";"Landkreis";"28,7";"21,9";"23,6";"23,6";"29,1";"35,2";"38,6";"36,8";"37,1";"36,3";"12,4";"28,5";"32,8";"34,5";"34,4";"31,3";"35,2";"33,5";"34,2";"30,4"
"14524";"Zwickau";"Landkreis";"36,5";"38,9";"38,1";"38,4";"42,0";"44,3";"46,6";"44,6";"45,3";"50,5";"14,6";"31,2";"36,5";"39,7";"37,5";"33,9";"39,0";"39,1";"40,2";"38,7"
"14612";"Dresden, Stadt";"krsfr. Stadt";"32,8";"33,2";"35,3";"36,6";"37,9";"38,8";"41,3";"38,5";"40,5";"39,7";"14,6";"34,3";"36,6";"36,1";"37,1";"36,4";"36,6";"36,3";"37,4";"35,8"
"14625";"Bautzen";"Landkreis";"36,3";"39,3";"38,7";"40,0";"43,8";"46,9";"47,9";"29,8";"30,2";"17,0";"7,6";"36,7";"38,4";"33,6";"45,0";"45,5";"47,9";"47,6";"48,7";"46,3"
"14626";"Görlitz";"Landkreis";"33,6";"34,6";"35,5";"39,6";"45,7";"48,8";"51,2";"38,2";"36,5";"28,7";"11,3";"41,8";"42,6";"38,8";"39,8";"43,1";"44,6";"44,9";"46,8";"45,5"
"14627";"Meißen";"Landkreis";"36,1";"37,9";"36,9";"37,3";"40,3";"41,0";"43,8";"35,2";"36,5";"26,5";"10,9";"28,5";"37,6";"37,9";"37,0";"33,2";"37,5";"38,6";"37,9";"37,0"
"14628";"Sächsische Schweiz-Osterzgebirge";"Landkreis";"26,7";"31,5";"31,3";"31,5";"36,9";"38,7";"40,9";"38,6";"38,6";"43,9";"14,8";"34,2";"35,8";"37,0";"41,4";"39,6";"40,6";"40,7";"40,6";"38,5"
"14713";"Leipzig, Stadt";"krsfr. Stadt";"31,2";"31,0";"33,8";"37,6";"38,7";"43,0";"45,7";"40,6";"45,9";"45,4";"17,6";"40,8";"39,8";"37,4";"35,1";"31,2";"32,8";"32,6";"32,2";"29,6"
"14729";"Leipzig";"Landkreis";"32,5";"35,5";"35,5";"37,4";"37,6";"40,1";"45,2";"38,2";"40,6";"33,5";"11,0";"37,3";"39,3";"39,7";"37,9";"34,7";"35,9";"35,5";"36,7";"36,1"
"14730";"Nordsachsen";"Landkreis";"35,8";"38,1";"36,4";"36,9";"36,9";"38,7";"42,9";"41,4";"43,1";"45,5";"15,8";"37,5";"38,5";"40,6";"46,3";"43,5";"43,1";"44,7";"44,7";"44,0"
"15001";"Dessau-Roßlau, Stadt";"krsfr. Stadt";"36,5";"34,5";"37,5";"39,5";"37,1";"35,3";"38,9";"41,5";"41,5";"38,0";"38,5";"35,0";"38,9";"37,1";"38,9";"41,5";"38,8";"41,0";"40,9";"41,6"
"15002";"Halle (Saale), Stadt";"krsfr. Stadt";"36,1";"39,1";"39,1";"42,9";"43,1";"45,7";"46,9";"45,1";"42,6";"40,3";"42,6";"36,4";"36,2";"37,0";"38,1";"38,0";"37,5";"37,4";"37,2";"34,8"
"15003";"Magdeburg, Stadt";"krsfr. Stadt";"35,2";"33,9";"37,6";"39,4";"39,7";"41,5";"42,5";"46,0";"41,8";"45,2";"42,5";"37,0";"37,5";"33,2";"36,1";"33,4";"35,6";"35,4";"36,7";"34,0"
"15081";"Altmarkkreis Salzwedel";"Landkreis";"27,1";"26,0";"28,4";"30,3";"30,9";"35,5";"40,9";"39,5";"40,0";"40,8";"43,1";"34,2";"30,7";"30,4";"32,4";"36,0";"38,5";"36,2";"37,6";"39,0"
"15082";"Anhalt-Bitterfeld";"Landkreis";"31,6";"32,0";"32,2";"37,6";"37,6";"39,5";"45,1";"44,2";"43,1";"40,1";"42,8";"37,7";"37,6";"27,3";"38,8";"41,0";"40,9";"41,0";"41,4";"40,1"
"15083";"Börde";"Landkreis";"30,4";"29,3";"33,5";"30,6";"33,3";"37,7";"41,6";"39,1";"38,5";"37,2";"35,0";"25,7";"30,7";"28,5";"33,2";"38,8";"39,4";"37,9";"39,9";"39,0"
"15084";"Burgenlandkreis";"Landkreis";"36,7";"37,9";"35,4";"35,7";"38,6";"42,7";"44,4";"45,1";"41,2";"43,5";"42,6";"38,9";"40,7";"39,3";"41,4";"35,1";"35,8";"36,8";"36,8";"37,6"
"15085";"Harz";"Landkreis";"37,5";"35,3";"38,0";"41,4";"41,5";"44,3";"47,4";"41,0";"43,2";"37,7";"37,4";"34,5";"35,6";"26,8";"27,7";"27,3";"32,2";"33,5";"35,0";"30,8"
"15086";"Jerichower Land";"Landkreis";"33,8";"29,7";"38,5";"36,5";"37,0";"37,6";"44,3";"40,5";"36,2";"40,8";"38,6";"29,8";"32,2";"33,9";"37,6";"38,7";"37,4";"35,5";"37,6";"38,9"
"15087";"Mansfeld-Südharz";"Landkreis";"33,9";"33,1";"34,7";"31,2";"35,6";"43,4";"47,3";"46,2";"45,3";"48,7";"45,8";"41,1";"46,7";"42,9";"42,9";"43,9";"46,5";"48,1";"49,9";"49,0"
"15088";"Saalekreis";"Landkreis";"31,6";"34,0";"33,7";"36,1";"37,8";"41,3";"45,7";"31,7";"31,9";"18,5";"19,4";"31,1";"35,8";"22,7";"23,3";"27,5";"35,5";"36,7";"41,7";"41,2"
"15089";"Salzlandkreis";"Landkreis";"34,6";"33,2";"36,9";"37,5";"37,6";"41,2";"45,8";"34,5";"32,4";"27,4";"26,6";"33,1";"37,4";"27,0";"32,2";"29,7";"33,9";"31,9";"33,9";"35,8"
"15090";"Stendal";"Landkreis";"36,1";"33,8";"33,2";"35,2";"38,4";"39,9";"47,5";"46,0";"44,4";"42,8";"39,3";"34,8";"31,6";"32,3";"36,0";"39,0";"39,7";"40,2";"40,6";"39,1"
"15091";"Wittenberg";"Landkreis";"32,6";"33,3";"35,9";"36,4";"35,7";"40,1";"45,5";"38,0";"39,2";"38,2";"34,9";"27,1";"34,1";"32,0";"38,4";"38,0";"40,5";"40,2";"41,0";"40,1"
"16051";"Erfurt, Stadt";"krsfr. Stadt";"35,1";"37,7";"36,8";"37,2";"38,0";"40,0";"44,9";"41,9";"43,4";"40,6";"38,8";"32,9";"29,7";"32,8";"31,1";"30,3";"30,8";"31,0";"33,8";"31,4"
"16052";"Gera, Stadt";"krsfr. Stadt";"38,3";"35,1";"33,6";"34,3";"37,6";"41,0";"43,3";"44,2";"46,8";"47,9";"41,6";"37,1";"36,6";"35,4";"34,5";"37,8";"38,9";"37,9";"41,1";"37,8"
"16053";"Jena, Stadt";"krsfr. Stadt";"40,1";"36,7";"32,3";"32,5";"32,5";"37,4";"40,1";"36,4";"44,0";"9,1";"6,5";"33,7";"37,4";"33,9";"32,8";"33,6";"36,6";"35,9";"35,9";"35,4"
"16054";"Suhl, Stadt";"krsfr. Stadt";"34,2";"30,7";"31,7";"37,8";"35,9";"34,7";"38,8";"35,3";"33,1";"39,9";"35,4";"28,8";"31,1";"22,1";"21,3";"25,1";"27,5";"28,5";"34,0";"33,0"
"16055";"Weimar, Stadt";"krsfr. Stadt";"29,8";"27,2";"27,0";"28,4";"33,4";"39,3";"45,9";"44,1";"44,3";"41,8";"41,6";"34,9";"37,3";"37,4";"34,1";"33,4";"34,6";"35,5";"35,7";"32,2"
"16056";"Eisenach, Stadt";"krsfr. Stadt";"32,3";"30,5";"34,4";"33,2";"29,3";"32,8";"37,6";"34,9";"37,9";"37,7";"32,1";"26,4";"30,9";"28,1";"26,8";"31,7";"36,2";"34,3";"33,8";"29,9"
"16061";"Eichsfeld";"Landkreis";"31,6";"28,2";"29,4";"31,8";"33,7";"35,5";"39,5";"27,7";"29,0";"21,7";"20,5";"31,2";"35,9";"32,2";"31,0";"29,3";"28,0";"28,3";"28,5";"32,1"
"16062";"Nordhausen";"Landkreis";"30,8";"28,9";"29,6";"34,2";"40,5";"42,0";"45,1";"43,2";"39,7";"47,9";"40,2";"34,8";"34,9";"32,4";"35,8";"37,6";"36,0";"34,5";"34,3";"33,3"
"16063";"Wartburgkreis";"Landkreis";"29,8";"28,4";"32,5";"33,5";"30,4";"31,1";"34,9";"31,9";"35,8";"42,4";"34,9";"26,2";"32,2";"28,7";"30,0";"30,8";"35,4";"37,6";"39,8";"37,7"
"16064";"Unstrut-Hainich-Kreis";"Landkreis";"25,9";"21,5";"22,6";"24,0";"26,5";"30,4";"35,6";"34,2";"35,5";"38,4";"34,6";"28,0";"31,3";"31,2";"39,2";"39,1";"41,9";"40,5";"41,2";"40,2"
"16065";"Kyffhäuserkreis";"Landkreis";"30,3";"24,4";"24,8";"31,4";"36,9";"38,1";"42,4";"43,6";"45,1";"48,7";"44,0";"31,2";"30,3";"34,0";"45,1";"41,7";"41,8";"40,6";"41,8";"40,2"
"16066";"Schmalkalden-Meiningen";"Landkreis";"29,5";"27,3";"29,9";"32,0";"32,1";"34,2";"38,7";"33,7";"31,6";"36,6";"34,7";"22,9";"32,8";"34,9";"33,3";"38,4";"34,5";"29,9";"30,4";"30,2"
"16067";"Gotha";"Landkreis";"29,3";"25,8";"25,4";"27,4";"27,4";"31,8";"39,5";"35,9";"37,5";"36,8";"33,6";"25,9";"29,4";"26,3";"35,6";"34,4";"36,4";"34,6";"34,6";"31,9"
"16068";"Sömmerda";"Landkreis";"29,4";"28,8";"28,2";"28,7";"32,2";"37,8";"41,7";"40,0";"41,0";"42,7";"45,8";"42,0";"33,3";"31,8";"37,9";"35,1";"39,3";"37,0";"37,6";"33,1"
"16069";"Hildburghausen";"Landkreis";"26,7";"21,8";"24,7";"29,4";"28,2";"29,6";"33,5";"34,7";"36,0";"37,0";"31,6";"23,0";"29,2";"30,1";"26,5";"26,5";"30,1";"32,9";"32,5";"31,0"
"16070";"Ilm-Kreis";"Landkreis";"34,6";"33,6";"35,2";"36,7";"38,6";"42,5";"46,3";"43,8";"44,5";"46,3";"39,9";"32,3";"34,9";"32,4";"36,2";"31,2";"33,9";"33,6";"36,5";"33,2"
"16071";"Weimarer Land";"Landkreis";"27,6";"26,1";"26,0";"28,8";"32,8";"39,3";"44,9";"40,0";"39,2";"37,0";"34,1";"25,8";"29,8";"31,7";"34,4";"32,3";"33,1";"31,1";"33,4";"29,1"
"16072";"Sonneberg";"Landkreis";"22,8";"19,0";"19,0";"19,5";"18,6";"24,7";"29,4";"29,9";"31,7";"32,3";"22,6";"16,0";"20,2";"17,1";"12,7";"12,7";"17,2";"16,7";"21,3";"22,6"
"16073";"Saalfeld-Rudolstadt";"Landkreis";"30,6";"27,0";"26,6";"29,1";"31,4";"37,5";"41,4";"38,7";"42,9";"39,8";"30,7";"28,5";"32,0";"30,7";"32,6";"33,4";"33,7";"35,3";"36,4";"36,3"
"16074";"Saale-Holzland-Kreis";"Landkreis";"30,7";"27,4";"26,8";"27,6";"30,3";"37,0";"41,5";"39,0";"37,1";"38,8";"35,2";"26,9";"32,3";"34,6";"35,6";"33,7";"36,0";"36,4";"38,4";"35,1"
"16075";"Saale-Orla-Kreis";"Landkreis";"25,5";"22,8";"23,0";"29,3";"34,6";"38,4";"39,4";"38,1";"41,5";"42,4";"38,9";"28,4";"32,6";"30,0";"28,7";"30,9";"33,9";"35,6";"35,0";"33,4"
"16076";"Greiz";"Landkreis";"32,6";"29,4";"26,9";"28,9";"32,7";"38,6";"41,4";"40,9";"42,3";"41,1";"38,5";"31,0";"34,6";"35,4";"34,8";"35,8";"38,6";"38,9";"39,1";"38,3"
"16077";"Altenburger Land";"Landkreis";"35,8";"33,4";"32,5";"35,8";"37,7";"44,3";"47,8";"46,4";"45,3";"51,6";"51,6";"42,8";"44,5";"40,6";"43,6";"43,4";"43,4";"41,7";"43,9";"43,3"
