Kennziffer;Raumeinheit;Aggregat;Steuerkraft;Steuerkraft;Steuerkraft;Steuerkraft;Steuerkraft;Steuerkraft;Steuerkraft;Steuerkraft;Steuerkraft;Steuerkraft;Steuerkraft;Steuerkraft;Steuerkraft;Steuerkraft;Steuerkraft;Steuerkraft;Steuerkraft;Steuerkraft;Steuerkraft;Steuerkraft;Steuerkraft;Steuerkraft;Steuerkraft
;;;1995;1996;1997;1998;1999;2000;2001;2002;2003;2004;2005;2006;2007;2008;2009;2010;2011;2012;2013;2014;2015;2016;2017
"01001";"Flensburg, Stadt";"krsfr. Stadt";"469,1";"522,9";"475,4";"524,7";"550,1";"511,6";"463,5";"431,4";"431,9";"473,5";"475,9";"542,6";"596,5";"572,0";"525,4";"495,3";"599,3";"636,5";"643,3";"595,5";"674,4";"727,3";"767,3"
"01002";"Kiel, Stadt";"krsfr. Stadt";"476,2";"488,8";"497,6";"588,0";"529,0";"526,5";"524,0";"490,0";"453,7";"421,5";"551,4";"657,1";"551,1";"661,6";"574,9";"560,9";"617,6";"561,1";"664,4";"516,4";"710,3";"709,4";"755,3"
"01003";"Lübeck, Stadt";"krsfr. Stadt";"471,9";"428,4";"436,0";"473,5";"489,3";"436,6";"429,7";"423,4";"391,4";"417,8";"419,3";"454,8";"517,3";"546,6";"484,7";"473,3";"563,8";"527,5";"594,3";"608,6";"602,1";"659,9";"724,8"
"01004";"Neumünster, Stadt";"krsfr. Stadt";"447,9";"423,0";"478,0";"495,6";"488,2";"481,3";"460,6";"453,1";"413,0";"434,9";"460,2";"487,1";"517,9";"555,6";"476,9";"492,0";"578,8";"593,9";"611,2";"617,9";"621,7";"698,4";"775,4"
"01051";"Dithmarschen";"Landkreis";"403,1";"397,1";"391,6";"454,7";"477,1";"418,9";"405,7";"401,2";"485,3";"397,6";"423,6";"505,5";"519,1";"527,3";"456,8";"509,8";"547,0";"565,3";"585,3";"697,3";"697,1";"743,0";"824,7"
"01053";"Herzogtum Lauenburg";"Landkreis";"476,9";"422,9";"445,6";"542,1";"503,4";"464,1";"494,1";"445,7";"580,3";"428,0";"463,7";"513,4";"566,8";"566,7";"522,5";"559,7";"590,7";"611,8";"650,8";"663,0";"655,7";"716,3";"791,1"
"01054";"Nordfriesland";"Landkreis";"411,5";"379,2";"396,0";"402,6";"433,8";"428,2";"422,2";"413,1";"379,9";"546,5";"606,4";"709,5";"682,5";"753,8";"697,5";"569,9";"691,0";"674,3";"702,8";"715,9";"783,3";"851,6";"896,3"
"01055";"Ostholstein";"Landkreis";"442,9";"401,1";"405,9";"422,1";"432,3";"426,9";"410,1";"401,6";"372,4";"393,2";"383,6";"425,6";"463,7";"504,8";"481,2";"494,2";"572,0";"562,4";"592,5";"607,0";"651,7";"696,3";"762,6"
"01056";"Pinneberg";"Landkreis";"603,3";"560,1";"548,6";"569,0";"591,1";"579,9";"582,0";"558,3";"544,7";"549,3";"587,8";"685,7";"698,4";"721,2";"676,5";"719,5";"773,4";"759,2";"810,0";"832,3";"877,2";"927,0";"1.054,6"
"01057";"Plön";"Landkreis";"400,8";"368,8";"380,6";"376,2";"385,3";"379,6";"370,1";"383,6";"360,7";"421,1";"436,2";"444,7";"471,2";"532,8";"474,6";"521,1";"581,8";"627,9";"583,5";"694,0";"746,1";"641,2";"709,4"
"01058";"Rendsburg-Eckernförde";"Landkreis";"432,8";"414,4";"433,7";"439,8";"461,4";"459,3";"425,9";"417,5";"405,5";"422,0";"425,1";"462,8";"501,1";"553,1";"509,7";"513,4";"576,6";"597,4";"610,8";"635,4";"675,7";"689,9";"772,1"
"01059";"Schleswig-Flensburg";"Landkreis";"376,4";"349,0";"354,0";"377,7";"390,1";"378,3";"372,8";"361,1";"351,4";"364,2";"365,4";"405,7";"444,4";"469,6";"461,5";"458,2";"512,7";"527,1";"550,3";"575,6";"621,3";"665,1";"706,4"
"01060";"Segeberg";"Landkreis";"611,3";"556,1";"548,9";"540,0";"548,8";"573,3";"538,4";"511,6";"510,9";"523,7";"539,6";"604,5";"652,0";"695,1";"610,2";"642,1";"703,8";"717,5";"754,0";"757,3";"787,8";"804,7";"920,9"
"01061";"Steinburg";"Landkreis";"502,5";"477,2";"475,1";"494,0";"507,9";"589,2";"486,6";"507,8";"448,1";"477,0";"459,6";"589,8";"652,7";"624,4";"708,9";"563,1";"633,6";"606,1";"694,9";"664,4";"768,6";"743,3";"771,3"
"01062";"Stormarn";"Landkreis";"653,4";"576,8";"592,5";"676,1";"652,8";"716,7";"613,3";"589,6";"596,5";"637,3";"658,1";"726,7";"759,1";"868,1";"788,6";"756,7";"876,8";"900,6";"898,2";"929,2";"955,9";"980,6";"1.071,5"
"02000";"Hamburg, Stadt";"krsfr. Stadt";"714,3";"720,1";"730,8";"824,9";"908,1";"890,2";"828,2";"832,0";"790,8";"822,7";"906,0";"1.014,8";"974,7";"1.135,2";"1.011,2";"998,9";"1.110,3";"1.101,0";"1.190,2";"1.221,6";"1.227,6";"1.276,6";"1.369,2"
"03101";"Braunschweig, Stadt";"krsfr. Stadt";"539,1";"519,3";"510,7";"572,8";"586,1";"599,3";"524,7";"541,5";"444,9";"508,5";"510,2";"579,2";"622,6";"736,5";"599,8";"632,8";"765,3";"854,2";"815,8";"826,0";"832,7";"883,3";"994,2"
"03102";"Salzgitter, Stadt";"krsfr. Stadt";"462,3";"420,6";"425,1";"709,0";"576,2";"494,3";"454,6";"445,0";"408,4";"432,7";"526,4";"728,9";"973,8";"982,5";"554,8";"557,5";"751,2";"870,5";"668,2";"889,3";"748,0";"696,4";"767,6"
"03103";"Wolfsburg, Stadt";"krsfr. Stadt";"639,1";"618,5";"820,3";"882,5";"1.284,5";"978,4";"889,0";"883,7";"620,3";"651,7";"731,9";"696,9";"428,1";"1.026,9";"1.131,2";"1.307,8";"1.570,6";"2.397,4";"1.532,8";"1.884,8";"1.066,2";"1.827,5";"1.394,1"
"03151";"Gifhorn";"Landkreis";"409,6";"379,9";"365,0";"387,9";"398,6";"383,6";"349,7";"352,7";"387,6";"377,5";"372,4";"434,9";"476,9";"490,2";"458,1";"473,6";"519,7";"577,1";"613,7";"659,1";"672,9";"683,4";"722,2"
"03153";"Goslar";"Landkreis";"403,9";"367,6";"380,9";"409,3";"423,9";"410,5";"402,6";"376,9";"350,0";"359,9";"384,2";"402,9";"433,0";"500,9";"446,1";"484,4";"512,8";"534,1";"549,6";"570,4";"585,8";"623,1";"638,6"
"03154";"Helmstedt";"Landkreis";"487,7";"446,9";"480,8";"547,6";"536,9";"365,4";"364,3";"458,5";"402,2";"403,1";"388,2";"422,4";"489,2";"558,6";"491,4";"473,1";"494,8";"460,9";"497,0";"560,0";"585,4";"588,8";"670,2"
"03155";"Northeim";"Landkreis";"400,4";"387,6";"397,0";"412,8";"417,5";"411,8";"396,5";"391,3";"368,6";"397,9";"406,6";"416,0";"475,2";"511,9";"469,4";"449,1";"501,7";"584,1";"600,2";"621,1";"615,4";"629,6";"719,4"
"03157";"Peine";"Landkreis";"435,9";"394,5";"381,8";"439,1";"408,5";"419,3";"396,0";"378,9";"373,7";"388,0";"409,4";"448,3";"548,2";"539,5";"487,0";"482,9";"515,1";"579,9";"596,6";"618,1";"622,9";"647,9";"679,0"
"03158";"Wolfenbüttel";"Landkreis";"446,9";"402,0";"385,7";"429,3";"416,8";"417,7";"401,8";"399,5";"394,6";"406,8";"407,1";"489,4";"501,8";"544,4";"503,0";"504,1";"542,9";"584,5";"625,4";"644,3";"667,9";"702,2";"757,6"
"03159";"Göttingen";"Landkreis";"409,8";"402,8";"399,5";"419,5";"432,4";"426,2";"403,1";"396,7";"388,6";"402,5";"413,8";"473,6";"504,0";"545,5";"490,5";"493,1";"577,3";"617,6";"638,1";"652,8";"673,9";"694,3";"742,1"
"03241";"Region Hannover";"Landkreis";"571,3";"554,2";"533,5";"582,5";"595,9";"588,8";"546,2";"535,9";"493,3";"535,7";"571,4";"637,7";"686,1";"747,5";"648,0";"702,8";"758,4";"822,3";"842,1";"833,6";"878,8";"907,1";"971,3"
"03251";"Diepholz";"Landkreis";"494,4";"442,2";"436,3";"464,6";"472,2";"487,2";"455,7";"469,9";"454,2";"469,2";"490,4";"592,0";"659,8";"668,1";"646,1";"631,2";"669,3";"751,6";"763,8";"757,4";"790,3";"823,0";"866,0"
"03252";"Hameln-Pyrmont";"Landkreis";"491,6";"435,5";"463,6";"469,9";"504,7";"575,1";"477,1";"479,2";"411,2";"466,8";"497,5";"527,7";"509,4";"605,6";"552,9";"525,5";"545,8";"655,1";"631,1";"654,0";"716,0";"716,5";"671,2"
"03254";"Hildesheim";"Landkreis";"455,9";"423,6";"406,0";"443,7";"435,2";"445,9";"424,9";"446,2";"417,6";"447,2";"452,4";"473,7";"524,8";"542,1";"497,7";"481,8";"552,0";"603,5";"617,3";"643,0";"666,9";"674,0";"720,9"
"03255";"Holzminden";"Landkreis";"435,5";"430,6";"407,4";"424,3";"408,6";"453,3";"362,4";"396,4";"342,6";"379,3";"366,0";"431,0";"532,7";"563,6";"539,0";"517,1";"542,8";"601,3";"591,8";"682,3";"666,5";"743,4";"785,7"
"03256";"Nienburg (Weser)";"Landkreis";"428,8";"404,4";"402,3";"410,0";"417,7";"445,5";"420,6";"416,4";"404,0";"411,2";"446,1";"477,3";"477,7";"555,0";"450,0";"502,6";"542,6";"570,3";"615,1";"664,4";"669,4";"693,2";"728,7"
"03257";"Schaumburg";"Landkreis";"433,0";"404,9";"387,6";"398,2";"400,3";"397,4";"389,6";"374,8";"366,6";"379,0";"381,6";"402,2";"449,8";"510,8";"435,9";"460,1";"505,4";"529,2";"571,4";"593,0";"643,1";"630,4";"663,5"
"03351";"Celle";"Landkreis";"423,7";"411,6";"398,0";"430,5";"427,4";"424,4";"418,3";"429,1";"385,0";"391,6";"407,2";"449,6";"513,4";"585,2";"517,0";"507,8";"568,2";"596,0";"631,0";"666,1";"673,7";"660,2";"689,3"
"03352";"Cuxhaven";"Landkreis";"369,8";"337,7";"330,3";"349,5";"357,9";"362,1";"358,4";"340,1";"339,0";"331,1";"324,7";"358,2";"397,5";"445,3";"425,7";"431,7";"455,8";"495,8";"524,7";"551,9";"593,0";"649,0";"654,2"
"03353";"Harburg";"Landkreis";"517,4";"467,3";"444,1";"459,1";"464,9";"493,2";"466,6";"457,0";"466,8";"472,1";"473,3";"574,7";"611,2";"637,0";"593,4";"572,1";"636,4";"698,3";"712,9";"771,5";"800,3";"823,5";"880,2"
"03354";"Lüchow-Dannenberg";"Landkreis";"374,5";"316,7";"309,3";"327,6";"339,4";"332,0";"318,0";"317,9";"324,7";"328,8";"352,8";"378,1";"416,7";"411,5";"401,7";"381,9";"424,5";"470,9";"532,4";"529,8";"487,8";"525,8";"583,0"
"03355";"Lüneburg";"Landkreis";"412,0";"399,6";"427,6";"404,9";"424,9";"450,4";"403,3";"387,5";"373,0";"405,3";"413,6";"426,8";"484,3";"536,5";"471,1";"475,4";"529,5";"571,9";"599,0";"626,6";"658,4";"683,0";"742,8"
"03356";"Osterholz";"Landkreis";"432,7";"398,5";"387,1";"395,8";"416,3";"408,2";"399,4";"387,6";"381,9";"360,4";"381,2";"447,3";"481,1";"526,2";"474,1";"483,9";"541,1";"560,1";"591,1";"617,4";"640,6";"687,6";"722,5"
"03357";"Rotenburg (Wümme)";"Landkreis";"413,1";"379,7";"373,2";"392,3";"385,3";"401,6";"365,9";"366,2";"359,6";"359,2";"371,9";"436,6";"474,9";"487,5";"457,4";"482,8";"538,1";"582,3";"600,5";"633,6";"660,3";"668,3";"740,6"
"03358";"Heidekreis";"Landkreis";"430,1";"428,4";"410,6";"404,3";"452,0";"459,8";"420,6";"490,6";"418,2";"402,0";"431,2";"455,8";"502,6";"499,0";"456,2";"476,5";"525,8";"562,7";"559,9";"603,2";"614,8";"665,3";"672,8"
"03359";"Stade";"Landkreis";"475,5";"444,4";"508,2";"520,9";"532,8";"544,3";"464,4";"499,5";"458,7";"442,6";"438,6";"519,7";"507,7";"574,1";"540,2";"551,7";"567,6";"639,9";"682,3";"709,5";"780,2";"841,8";"804,2"
"03360";"Uelzen";"Landkreis";"392,5";"365,7";"382,0";"390,3";"393,6";"383,0";"370,1";"367,0";"346,5";"352,5";"364,5";"400,4";"407,5";"473,8";"441,0";"450,9";"473,5";"600,4";"592,4";"611,2";"591,4";"623,5";"668,8"
"03361";"Verden";"Landkreis";"526,3";"548,7";"529,9";"537,7";"579,0";"561,1";"529,2";"488,2";"466,9";"532,3";"520,0";"551,0";"628,5";"714,3";"702,3";"647,4";"692,5";"732,0";"775,6";"820,7";"855,0";"826,5";"892,6"
"03401";"Delmenhorst, Stadt";"krsfr. Stadt";"475,2";"430,4";"409,2";"427,6";"453,6";"433,4";"400,2";"395,7";"352,6";"374,0";"397,9";"420,6";"434,5";"474,6";"449,2";"443,9";"471,8";"514,9";"514,5";"523,3";"513,6";"552,5";"576,8"
"03402";"Emden, Stadt";"krsfr. Stadt";"462,0";"424,0";"528,6";"597,0";"801,8";"663,4";"537,8";"493,3";"479,9";"455,5";"485,1";"518,5";"621,1";"719,9";"738,8";"664,8";"757,6";"1.104,4";"824,6";"1.079,2";"981,4";"1.030,6";"984,5"
"03403";"Oldenburg (Oldenburg), Stadt";"krsfr. Stadt";"509,4";"495,3";"474,0";"487,4";"519,6";"496,6";"475,2";"467,0";"443,4";"489,8";"523,3";"552,2";"571,7";"621,8";"608,0";"619,0";"630,4";"706,3";"718,3";"777,3";"833,8";"851,7";"890,2"
"03404";"Osnabrück, Stadt";"krsfr. Stadt";"506,4";"484,7";"501,6";"530,9";"518,4";"578,4";"494,0";"455,1";"466,4";"490,1";"501,9";"552,7";"588,9";"697,9";"560,1";"604,9";"647,6";"774,3";"772,8";"804,9";"745,6";"811,7";"849,7"
"03405";"Wilhelmshaven, Stadt";"krsfr. Stadt";"425,4";"407,3";"366,5";"397,4";"414,8";"410,6";"372,9";"378,2";"339,6";"344,6";"346,4";"500,0";"552,7";"513,8";"478,6";"432,1";"529,9";"500,3";"519,6";"560,4";"630,1";"581,5";"691,6"
"03451";"Ammerland";"Landkreis";"433,6";"401,2";"376,1";"392,7";"405,2";"411,3";"391,1";"388,6";"371,3";"396,1";"434,8";"451,4";"474,9";"530,4";"489,4";"489,4";"534,5";"602,3";"643,6";"678,6";"708,7";"715,8";"754,2"
"03452";"Aurich";"Landkreis";"345,6";"321,2";"323,6";"330,0";"341,7";"340,6";"333,3";"339,3";"338,1";"371,5";"409,3";"468,5";"469,3";"561,5";"563,3";"634,6";"616,1";"707,6";"888,8";"643,3";"716,2";"676,8";"692,6"
"03453";"Cloppenburg";"Landkreis";"348,5";"345,8";"389,2";"399,7";"370,4";"406,9";"395,9";"409,0";"404,6";"433,6";"465,7";"526,3";"537,2";"539,9";"481,9";"484,6";"543,8";"594,6";"595,4";"610,3";"672,2";"699,5";"719,9"
"03454";"Emsland";"Landkreis";"380,1";"364,8";"375,2";"401,3";"408,0";"487,5";"434,6";"395,8";"411,1";"477,8";"410,5";"479,8";"535,3";"645,8";"560,4";"496,9";"614,3";"637,6";"677,9";"686,6";"741,2";"757,2";"759,4"
"03455";"Friesland";"Landkreis";"394,7";"362,8";"350,0";"366,6";"369,0";"399,2";"370,7";"387,1";"353,0";"360,6";"353,4";"391,0";"395,0";"466,9";"422,3";"451,3";"461,8";"468,2";"536,4";"564,1";"606,8";"610,1";"669,8"
"03456";"Grafschaft Bentheim";"Landkreis";"389,6";"364,9";"369,2";"384,4";"395,4";"408,6";"401,5";"385,6";"376,9";"363,1";"404,8";"460,8";"501,4";"570,5";"451,1";"458,9";"516,7";"563,8";"584,8";"620,2";"641,8";"671,4";"711,8"
"03457";"Leer";"Landkreis";"321,0";"298,5";"305,1";"317,6";"319,1";"321,3";"314,9";"296,6";"289,2";"298,0";"333,0";"344,6";"379,6";"441,2";"411,7";"395,7";"402,4";"488,0";"542,3";"533,9";"576,7";"575,4";"638,6"
"03458";"Oldenburg";"Landkreis";"431,9";"387,3";"371,4";"389,4";"392,6";"423,1";"400,9";"388,9";"397,1";"426,7";"482,7";"554,0";"553,1";"624,3";"570,3";"495,6";"577,8";"641,5";"660,0";"672,1";"737,6";"740,4";"765,9"
"03459";"Osnabrück";"Landkreis";"404,5";"372,7";"381,1";"380,6";"399,5";"397,6";"393,8";"381,6";"374,9";"390,4";"412,2";"489,2";"516,0";"570,4";"492,1";"515,7";"590,3";"618,3";"647,3";"669,3";"680,2";"706,4";"748,1"
"03460";"Vechta";"Landkreis";"441,4";"411,6";"432,1";"441,6";"480,8";"462,0";"448,0";"465,8";"468,1";"521,0";"522,1";"611,9";"673,1";"738,6";"675,6";"685,7";"740,7";"790,1";"815,0";"823,6";"826,5";"884,8";"929,8"
"03461";"Wesermarsch";"Landkreis";"420,8";"394,6";"387,5";"424,0";"490,0";"469,5";"432,1";"459,1";"392,3";"407,8";"428,1";"507,6";"513,4";"648,8";"631,5";"696,1";"664,3";"662,8";"765,2";"691,7";"639,0";"739,2";"866,3"
"03462";"Wittmund";"Landkreis";"353,0";"300,5";"312,3";"305,5";"382,6";"341,5";"333,4";"306,3";"314,7";"326,2";"335,7";"375,6";"411,6";"471,1";"432,9";"439,3";"454,8";"577,1";"571,9";"624,3";"591,8";"616,7";"661,5"
"04011";"Bremen, Stadt";"krsfr. Stadt";"582,9";"607,0";"533,9";"594,4";"603,6";"608,1";"571,3";"564,1";"621,4";"593,8";"570,1";"665,6";"680,2";"812,1";"692,7";"669,0";"746,7";"703,9";"767,4";"804,6";"807,5";"911,4";"943,8"
"04012";"Bremerhaven, Stadt";"krsfr. Stadt";"419,0";"414,8";"401,0";"422,7";"456,2";"444,5";"439,4";"443,0";"384,4";"383,7";"398,3";"426,1";"482,9";"526,7";"517,6";"495,3";"570,4";"588,3";"594,2";"605,7";"599,2";"601,9";"663,8"
"05111";"Düsseldorf, Stadt";"krsfr. Stadt";"802,7";"887,7";"818,2";"952,0";"969,1";"1.039,5";"969,9";"824,0";"798,8";"1.036,4";"1.035,2";"1.223,5";"1.357,9";"1.275,1";"1.132,8";"1.207,7";"1.175,9";"1.246,7";"1.296,1";"1.281,2";"1.321,1";"1.262,8";"1.487,3"
"05112";"Duisburg, Stadt";"krsfr. Stadt";"416,0";"400,9";"391,4";"437,2";"476,2";"454,6";"428,4";"411,7";"396,2";"431,0";"464,2";"517,0";"547,4";"534,8";"461,4";"475,6";"529,3";"545,3";"551,5";"556,0";"622,9";"635,5";"680,7"
"05113";"Essen, Stadt";"krsfr. Stadt";"562,0";"551,8";"546,8";"577,6";"621,4";"598,6";"582,1";"541,3";"533,2";"562,3";"584,6";"615,7";"754,7";"718,3";"725,1";"704,0";"686,3";"691,9";"720,4";"741,4";"774,0";"780,7";"915,0"
"05114";"Krefeld, Stadt";"krsfr. Stadt";"520,6";"552,7";"511,3";"574,1";"611,2";"591,1";"486,5";"503,0";"517,7";"520,1";"503,4";"633,2";"673,0";"723,7";"612,6";"596,2";"699,9";"737,4";"733,7";"740,8";"764,7";"793,5";"850,1"
"05116";"Mönchengladbach, Stadt";"krsfr. Stadt";"521,8";"490,8";"491,0";"546,2";"565,7";"560,5";"559,2";"538,5";"498,8";"585,7";"575,3";"616,6";"660,8";"711,4";"580,3";"615,4";"653,5";"725,1";"678,5";"701,1";"712,8";"732,0";"803,4"
"05117";"Mülheim an der Ruhr, Stadt";"krsfr. Stadt";"558,2";"559,1";"504,0";"582,0";"612,8";"639,6";"590,3";"620,8";"577,4";"615,6";"610,9";"716,7";"870,2";"825,1";"815,4";"728,4";"717,4";"747,2";"757,4";"741,8";"873,5";"867,1";"860,4"
"05119";"Oberhausen, Stadt";"krsfr. Stadt";"421,7";"414,1";"403,8";"442,2";"478,7";"448,4";"423,8";"414,0";"431,6";"396,4";"413,6";"481,2";"535,4";"594,8";"495,8";"498,4";"550,0";"610,6";"558,8";"587,5";"617,1";"638,2";"667,2"
"05120";"Remscheid, Stadt";"krsfr. Stadt";"571,8";"548,9";"562,6";"607,5";"677,8";"581,8";"605,8";"562,2";"548,3";"577,5";"573,2";"647,1";"712,8";"757,4";"681,9";"604,9";"712,3";"778,4";"802,0";"756,6";"750,2";"778,7";"815,2"
"05122";"Solingen, Stadt";"krsfr. Stadt";"535,4";"542,5";"502,7";"547,2";"580,8";"592,6";"562,1";"539,0";"527,0";"569,9";"579,6";"596,0";"654,4";"737,1";"641,4";"599,8";"678,4";"749,6";"758,8";"720,2";"758,6";"786,8";"829,4"
"05124";"Wuppertal, Stadt";"krsfr. Stadt";"563,3";"556,1";"531,5";"578,4";"614,0";"599,2";"542,5";"548,0";"531,9";"589,5";"598,6";"591,1";"638,8";"690,6";"566,1";"580,0";"662,1";"702,1";"712,6";"684,1";"727,1";"747,3";"886,2"
"05154";"Kleve";"Landkreis";"432,7";"435,1";"487,0";"475,0";"481,3";"491,2";"468,6";"452,7";"456,7";"491,2";"448,5";"495,7";"547,8";"604,0";"559,2";"546,2";"578,6";"624,3";"639,5";"621,3";"649,7";"679,3";"710,2"
"05158";"Mettmann";"Landkreis";"670,6";"644,3";"625,0";"674,3";"727,6";"741,5";"670,7";"648,0";"644,5";"709,2";"728,5";"815,5";"873,9";"994,6";"853,4";"823,0";"946,3";"1.073,2";"1.255,0";"1.236,1";"1.312,6";"1.338,6";"1.488,1"
"05162";"Rhein-Kreis Neuss";"Landkreis";"598,0";"587,6";"587,5";"594,2";"629,4";"648,4";"595,1";"601,5";"591,7";"654,5";"641,9";"696,1";"782,5";"835,6";"782,7";"759,2";"813,5";"840,2";"852,0";"900,9";"962,0";"930,6";"1.128,3"
"05166";"Viersen";"Landkreis";"494,8";"462,3";"456,3";"485,6";"506,6";"517,4";"503,0";"485,4";"477,7";"502,5";"481,0";"566,5";"607,7";"680,6";"618,8";"618,7";"662,6";"700,7";"698,0";"717,3";"771,6";"762,9";"805,7"
"05170";"Wesel";"Landkreis";"433,8";"425,8";"443,1";"458,0";"479,4";"465,7";"452,0";"436,0";"434,6";"446,8";"449,8";"503,4";"544,6";"591,1";"557,1";"563,3";"592,6";"632,3";"643,2";"658,8";"697,2";"712,7";"776,9"
"05314";"Bonn, Stadt";"krsfr. Stadt";"610,6";"603,7";"655,4";"670,8";"707,0";"684,3";"690,6";"755,1";"642,5";"495,9";"751,8";"1.173,5";"525,7";"743,3";"765,4";"693,1";"948,4";"844,5";"853,6";"877,0";"968,8";"1.018,6";"1.070,8"
"05315";"Köln, Stadt";"krsfr. Stadt";"652,7";"664,0";"664,4";"754,0";"749,2";"770,8";"695,0";"677,3";"665,4";"677,2";"766,0";"877,7";"938,9";"968,9";"841,6";"864,6";"885,6";"895,1";"943,3";"951,8";"981,8";"1.114,8";"1.122,8"
"05316";"Leverkusen, Stadt";"krsfr. Stadt";"711,1";"727,3";"633,2";"704,6";"613,6";"745,1";"576,4";"628,6";"561,7";"552,0";"578,1";"626,9";"806,8";"770,7";"636,4";"662,0";"778,3";"778,4";"752,9";"658,3";"740,8";"821,8";"909,2"
"05334";"Städteregion Aachen";"Landkreis";"452,7";"446,6";"458,9";"492,5";"511,9";"533,5";"475,8";"473,2";"456,1";"476,3";"482,5";"550,5";"591,0";"611,7";"576,8";"569,7";"678,7";"682,5";"688,6";"694,3";"714,1";"757,1";"819,9"
"05358";"Düren";"Landkreis";"457,1";"438,8";"451,4";"488,9";"519,4";"486,3";"471,8";"437,6";"447,7";"426,0";"433,9";"501,5";"573,3";"588,9";"552,7";"566,6";"619,6";"618,8";"619,1";"666,4";"705,1";"690,0";"768,3"
"05362";"Rhein-Erft-Kreis";"Landkreis";"579,9";"545,6";"543,6";"563,8";"610,5";"591,9";"596,8";"513,9";"535,7";"519,6";"563,4";"673,4";"711,9";"705,6";"653,4";"683,5";"712,2";"726,9";"750,1";"774,1";"846,1";"840,3";"944,3"
"05366";"Euskirchen";"Landkreis";"430,4";"420,9";"430,0";"458,4";"461,9";"479,2";"448,2";"427,2";"422,4";"416,6";"455,8";"491,6";"520,5";"604,3";"533,6";"505,8";"586,4";"605,4";"607,8";"660,9";"645,9";"719,1";"765,8"
"05370";"Heinsberg";"Landkreis";"377,9";"368,5";"359,6";"379,5";"425,6";"402,6";"380,2";"377,3";"382,2";"400,9";"400,1";"464,4";"474,3";"521,5";"494,2";"507,2";"539,5";"570,7";"564,1";"596,5";"614,5";"639,7";"693,0"
"05374";"Oberbergischer Kreis";"Landkreis";"491,8";"480,7";"491,1";"529,3";"529,6";"529,1";"488,0";"479,1";"448,8";"482,5";"508,5";"564,2";"634,1";"698,0";"602,7";"556,7";"693,8";"755,2";"747,7";"738,0";"757,6";"801,8";"848,2"
"05378";"Rheinisch-Bergischer Kreis";"Landkreis";"556,6";"539,9";"517,4";"553,3";"575,1";"583,9";"543,3";"529,2";"532,1";"524,1";"540,2";"603,9";"649,0";"738,4";"638,2";"623,7";"643,2";"719,6";"748,2";"749,1";"795,5";"837,3";"865,9"
"05382";"Rhein-Sieg-Kreis";"Landkreis";"494,3";"469,3";"474,2";"485,7";"508,4";"516,2";"500,6";"473,0";"492,2";"482,9";"482,3";"524,9";"592,6";"636,1";"599,7";"575,4";"630,7";"694,3";"695,8";"725,5";"764,9";"783,9";"823,1"
"05512";"Bottrop, Stadt";"krsfr. Stadt";"391,6";"375,6";"372,3";"405,9";"422,7";"429,1";"399,8";"385,2";"385,5";"393,1";"384,3";"424,7";"480,3";"513,2";"478,3";"473,7";"489,4";"535,8";"533,7";"555,7";"608,9";"636,0";"677,0"
"05513";"Gelsenkirchen, Stadt";"krsfr. Stadt";"378,7";"364,8";"373,3";"431,1";"472,6";"442,2";"383,2";"375,7";"369,0";"396,3";"416,2";"520,5";"572,8";"600,7";"498,5";"472,8";"494,7";"381,0";"489,5";"452,9";"529,8";"522,3";"681,6"
"05515";"Münster, Stadt";"krsfr. Stadt";"621,4";"655,2";"688,7";"811,5";"798,2";"772,2";"731,4";"652,6";"636,2";"804,2";"759,9";"905,7";"806,7";"910,3";"874,5";"846,2";"883,1";"868,1";"893,5";"902,7";"974,0";"1.012,7";"1.072,2"
"05554";"Borken";"Landkreis";"437,3";"414,6";"425,3";"463,1";"470,0";"488,6";"458,3";"426,7";"427,6";"462,9";"470,6";"512,4";"586,1";"640,7";"575,7";"572,9";"631,1";"699,1";"710,0";"690,6";"745,0";"792,8";"833,5"
"05558";"Coesfeld";"Landkreis";"440,8";"385,7";"409,8";"430,3";"444,3";"451,5";"437,0";"422,1";"428,8";"431,0";"442,7";"485,0";"526,0";"578,8";"550,9";"548,3";"599,6";"634,8";"649,3";"678,2";"702,5";"780,1";"781,2"
"05562";"Recklinghausen";"Landkreis";"414,5";"392,4";"402,7";"436,5";"436,6";"443,1";"421,1";"405,8";"395,1";"404,8";"405,6";"441,8";"487,2";"518,4";"503,8";"479,5";"531,0";"550,3";"571,2";"594,6";"619,4";"656,3";"696,4"
"05566";"Steinfurt";"Landkreis";"405,5";"391,0";"402,5";"424,7";"448,9";"452,0";"429,8";"410,6";"414,6";"432,8";"442,8";"497,3";"531,9";"584,3";"524,5";"510,9";"570,9";"606,0";"630,2";"639,5";"691,3";"721,8";"769,3"
"05570";"Warendorf";"Landkreis";"486,6";"443,9";"460,6";"496,3";"517,3";"518,4";"488,9";"441,9";"439,7";"465,1";"477,9";"543,8";"614,2";"636,8";"582,5";"564,7";"655,4";"668,0";"696,8";"691,0";"714,3";"753,5";"788,5"
"05711";"Bielefeld, Stadt";"krsfr. Stadt";"559,4";"527,7";"549,3";"577,3";"617,9";"603,7";"569,5";"520,6";"513,4";"505,8";"538,4";"628,7";"690,9";"760,1";"612,6";"638,5";"687,0";"691,2";"683,0";"697,4";"733,7";"779,8";"851,5"
"05754";"Gütersloh";"Landkreis";"610,6";"580,6";"595,0";"638,3";"655,1";"666,8";"610,2";"582,8";"566,8";"614,0";"610,2";"729,4";"805,6";"893,3";"771,0";"755,4";"839,2";"907,6";"934,6";"1.000,8";"979,7";"980,1";"1.085,1"
"05758";"Herford";"Landkreis";"572,3";"538,9";"545,5";"575,5";"580,5";"607,3";"560,8";"528,7";"513,4";"563,5";"590,5";"616,8";"648,5";"670,7";"624,5";"629,7";"660,0";"703,8";"701,9";"711,7";"740,2";"792,5";"841,7"
"05762";"Höxter";"Landkreis";"403,4";"377,8";"401,7";"428,6";"432,3";"430,8";"402,4";"396,2";"379,3";"400,9";"401,4";"434,0";"478,4";"526,0";"462,4";"482,3";"501,0";"523,4";"546,6";"560,6";"594,6";"621,4";"680,4"
"05766";"Lippe";"Landkreis";"488,5";"465,2";"466,4";"509,8";"520,1";"519,4";"506,8";"466,5";"451,2";"488,5";"474,6";"517,7";"586,1";"664,9";"536,7";"548,2";"629,0";"644,5";"663,5";"645,6";"684,1";"703,6";"768,0"
"05770";"Minden-Lübbecke";"Landkreis";"501,6";"485,2";"480,7";"501,8";"529,1";"570,5";"516,6";"460,8";"450,4";"504,0";"502,0";"534,3";"607,9";"662,6";"591,9";"587,9";"673,9";"659,9";"687,0";"682,4";"741,7";"777,4";"853,6"
"05774";"Paderborn";"Landkreis";"462,2";"430,4";"439,4";"489,0";"487,3";"492,3";"464,9";"451,5";"476,5";"472,1";"484,2";"534,2";"553,9";"630,0";"563,4";"555,7";"580,6";"639,4";"674,0";"665,2";"705,0";"738,8";"784,6"
"05911";"Bochum, Stadt";"krsfr. Stadt";"465,7";"438,7";"446,4";"505,2";"515,7";"534,2";"510,6";"481,4";"472,6";"468,6";"550,3";"549,8";"599,2";"671,4";"550,4";"586,9";"605,9";"622,8";"635,4";"636,5";"700,6";"733,3";"757,1"
"05913";"Dortmund, Stadt";"krsfr. Stadt";"467,7";"458,4";"453,0";"487,9";"507,0";"495,3";"464,3";"472,2";"427,4";"455,9";"474,0";"585,4";"572,3";"624,8";"551,0";"601,8";"616,2";"623,8";"631,3";"655,8";"687,1";"717,0";"791,7"
"05914";"Hagen, Stadt";"krsfr. Stadt";"483,5";"485,6";"483,8";"507,1";"575,5";"576,0";"553,1";"510,7";"459,5";"494,3";"539,9";"584,0";"597,8";"633,4";"533,4";"543,9";"636,3";"608,1";"635,0";"610,9";"664,5";"666,3";"753,8"
"05915";"Hamm, Stadt";"krsfr. Stadt";"381,1";"354,3";"367,8";"406,1";"435,4";"422,0";"388,2";"378,2";"352,9";"388,0";"390,5";"434,3";"470,6";"520,3";"470,6";"462,1";"506,6";"527,1";"538,5";"555,9";"568,7";"577,4";"627,6"
"05916";"Herne, Stadt";"krsfr. Stadt";"359,9";"363,9";"360,5";"391,5";"399,6";"390,4";"382,3";"371,6";"349,5";"363,9";"374,9";"365,1";"425,5";"451,7";"437,5";"399,3";"480,7";"487,3";"476,1";"500,8";"520,1";"546,4";"578,5"
"05954";"Ennepe-Ruhr-Kreis";"Landkreis";"546,2";"501,6";"488,8";"538,3";"578,8";"548,9";"520,1";"532,6";"501,7";"548,3";"558,5";"609,9";"676,8";"781,8";"640,9";"617,7";"708,9";"758,8";"763,0";"764,5";"788,4";"814,6";"870,3"
"05958";"Hochsauerlandkreis";"Landkreis";"468,9";"444,3";"468,5";"511,0";"526,0";"510,8";"482,8";"463,3";"474,0";"482,0";"501,3";"557,2";"574,8";"655,6";"571,4";"593,3";"618,3";"672,9";"690,1";"714,3";"754,2";"781,2";"856,1"
"05962";"Märkischer Kreis";"Landkreis";"556,0";"524,0";"505,5";"562,2";"585,4";"580,3";"540,2";"532,4";"521,9";"544,0";"556,7";"627,4";"699,3";"770,9";"595,4";"615,3";"708,6";"756,5";"760,5";"780,0";"798,7";"831,5";"906,1"
"05966";"Olpe";"Landkreis";"562,1";"484,9";"527,5";"562,7";"586,2";"594,3";"541,6";"521,5";"505,6";"555,7";"616,0";"680,8";"743,1";"743,7";"675,2";"658,2";"811,0";"839,9";"807,2";"886,2";"895,2";"967,3";"972,8"
"05970";"Siegen-Wittgenstein";"Landkreis";"523,2";"491,5";"495,5";"562,3";"577,2";"583,6";"524,3";"505,4";"485,4";"521,9";"545,1";"624,5";"757,0";"786,7";"675,3";"659,9";"797,1";"852,6";"791,1";"810,1";"838,2";"862,7";"943,1"
"05974";"Soest";"Landkreis";"487,6";"445,0";"436,2";"464,5";"493,7";"527,2";"469,8";"469,4";"438,4";"455,4";"455,8";"522,6";"565,6";"622,3";"595,1";"565,6";"644,0";"651,1";"679,1";"683,8";"728,6";"757,3";"826,8"
"05978";"Unna";"Landkreis";"427,7";"402,6";"398,3";"433,5";"470,7";"462,2";"427,9";"419,7";"408,0";"426,9";"423,0";"474,0";"529,4";"573,7";"529,9";"526,5";"577,9";"629,9";"624,7";"648,6";"658,5";"678,3";"748,1"
"06411";"Darmstadt, Stadt";"krsfr. Stadt";"635,6";"655,2";"703,0";"723,5";"703,1";"681,2";"735,3";"653,9";"640,9";"697,7";"949,4";"834,4";"992,7";"1.036,1";"1.005,1";"917,7";"807,3";"1.153,7";"927,9";"1.123,6";"1.072,1";"1.258,7";"1.163,9"
"06412";"Frankfurt am Main, Stadt";"krsfr. Stadt";"866,0";"931,0";"937,4";"1.140,4";"1.311,9";"1.344,6";"1.062,6";"963,5";"1.000,4";"1.166,2";"1.182,7";"1.526,3";"1.697,6";"1.771,5";"1.389,8";"1.452,9";"1.422,0";"1.603,9";"1.565,6";"1.753,6";"1.796,0";"1.843,2";"1.876,2"
"06413";"Offenbach am Main, Stadt";"krsfr. Stadt";"610,8";"589,7";"578,1";"657,1";"769,1";"775,0";"698,7";"528,6";"570,2";"639,7";"619,4";"608,9";"686,1";"789,2";"641,9";"615,1";"679,2";"698,3";"728,9";"728,0";"755,6";"828,3";"789,4"
"06414";"Wiesbaden, Stadt";"krsfr. Stadt";"712,2";"688,0";"661,6";"754,3";"837,9";"865,1";"838,8";"735,1";"724,6";"772,6";"846,2";"926,2";"997,7";"1.053,7";"869,6";"886,5";"906,8";"981,3";"1.153,2";"1.086,1";"1.132,3";"1.247,9";"1.332,5"
"06431";"Bergstraße";"Landkreis";"506,6";"467,9";"481,3";"520,8";"539,6";"577,7";"574,2";"574,7";"533,9";"547,4";"543,2";"600,3";"739,0";"786,9";"680,8";"668,0";"721,9";"733,5";"792,7";"832,3";"864,7";"889,1";"979,4"
"06432";"Darmstadt-Dieburg";"Landkreis";"539,8";"515,5";"506,7";"516,7";"577,3";"592,8";"590,3";"597,4";"590,4";"613,3";"575,6";"633,8";"726,4";"767,4";"705,1";"694,1";"751,5";"788,2";"823,3";"845,5";"852,6";"917,5";"986,1"
"06433";"Groß-Gerau";"Landkreis";"592,1";"572,4";"578,5";"693,2";"711,4";"679,5";"675,9";"631,7";"602,2";"606,7";"664,4";"706,8";"783,2";"848,1";"709,2";"753,2";"819,3";"729,8";"767,4";"822,3";"847,8";"866,1";"935,8"
"06434";"Hochtaunuskreis";"Landkreis";"728,2";"713,9";"738,5";"736,4";"799,0";"899,4";"858,1";"766,2";"780,3";"838,8";"853,9";"1.022,1";"1.203,3";"1.260,1";"1.105,9";"1.023,4";"1.044,6";"1.107,2";"1.165,8";"1.250,1";"1.261,4";"1.304,7";"1.405,4"
"06435";"Main-Kinzig-Kreis";"Landkreis";"495,4";"488,1";"504,8";"550,9";"586,6";"632,7";"622,7";"575,0";"546,2";"560,2";"564,6";"623,8";"732,3";"804,8";"652,3";"691,2";"742,5";"739,3";"771,9";"818,3";"830,4";"896,8";"967,7"
"06436";"Main-Taunus-Kreis";"Landkreis";"761,6";"712,4";"722,2";"760,3";"1.231,6";"1.016,6";"1.067,8";"966,7";"921,3";"882,0";"986,7";"1.300,8";"1.489,9";"1.318,9";"1.349,8";"1.314,9";"1.425,1";"1.427,3";"1.405,4";"1.461,6";"1.440,9";"1.672,2";"1.753,7"
"06437";"Odenwaldkreis";"Landkreis";"419,2";"391,0";"431,9";"455,3";"482,0";"488,9";"478,5";"460,7";"434,2";"422,9";"489,6";"507,1";"559,7";"561,2";"530,1";"545,0";"573,0";"578,6";"621,2";"639,1";"652,3";"675,3";"747,3"
"06438";"Offenbach";"Landkreis";"736,4";"673,3";"661,6";"675,3";"701,7";"773,9";"734,0";"695,7";"700,1";"711,1";"729,9";"804,6";"897,6";"978,8";"819,1";"796,1";"876,7";"891,4";"939,5";"970,3";"1.000,3";"1.055,4";"1.111,4"
"06439";"Rheingau-Taunus-Kreis";"Landkreis";"513,6";"472,0";"486,0";"499,4";"552,8";"598,7";"578,0";"570,1";"566,6";"556,6";"565,8";"653,3";"710,3";"775,6";"700,7";"684,5";"735,0";"764,5";"779,3";"823,3";"834,9";"871,9";"947,4"
"06440";"Wetteraukreis";"Landkreis";"495,2";"456,9";"483,8";"496,9";"569,3";"684,8";"778,5";"546,2";"574,3";"560,9";"570,3";"628,5";"710,6";"743,8";"643,2";"635,0";"701,2";"695,7";"744,3";"763,0";"773,3";"818,9";"894,1"
"06531";"Gießen";"Landkreis";"442,8";"434,1";"458,9";"483,2";"515,2";"554,7";"513,9";"513,1";"485,5";"491,6";"528,5";"584,5";"602,9";"649,0";"569,2";"565,0";"633,1";"652,0";"682,0";"691,4";"714,0";"760,6";"846,7"
"06532";"Lahn-Dill-Kreis";"Landkreis";"490,0";"441,6";"500,9";"504,6";"528,6";"557,1";"589,6";"535,8";"498,5";"492,5";"582,6";"612,3";"724,4";"770,6";"651,7";"611,6";"692,5";"737,8";"829,5";"809,2";"781,8";"855,7";"919,0"
"06533";"Limburg-Weilburg";"Landkreis";"440,7";"413,6";"434,7";"452,9";"493,0";"520,9";"499,4";"505,2";"463,6";"457,3";"485,0";"560,3";"596,6";"669,8";"600,6";"580,6";"622,8";"649,4";"648,9";"693,6";"732,9";"763,7";"868,4"
"06534";"Marburg-Biedenkopf";"Landkreis";"479,2";"562,3";"492,1";"501,5";"504,7";"579,5";"552,3";"501,9";"521,7";"499,1";"552,9";"606,1";"694,2";"780,1";"682,9";"681,5";"713,7";"803,7";"853,1";"843,9";"1.005,5";"961,9";"951,3"
"06535";"Vogelsbergkreis";"Landkreis";"384,9";"359,9";"397,9";"412,2";"452,7";"469,2";"450,2";"426,8";"401,8";"410,7";"456,1";"461,5";"527,4";"567,1";"487,9";"489,4";"553,5";"569,1";"589,8";"606,5";"620,9";"659,0";"723,9"
"06611";"Kassel, Stadt";"krsfr. Stadt";"509,6";"488,8";"500,3";"515,2";"595,6";"626,3";"571,9";"583,9";"541,9";"574,1";"616,5";"674,1";"754,2";"800,9";"719,2";"796,0";"788,2";"837,1";"847,2";"827,5";"913,8";"941,0";"1.012,8"
"06631";"Fulda";"Landkreis";"425,6";"411,7";"472,3";"462,9";"470,7";"492,8";"470,2";"455,4";"443,7";"451,3";"476,3";"521,9";"577,4";"658,2";"578,7";"537,5";"623,4";"635,0";"664,6";"683,3";"720,4";"773,2";"812,9"
"06632";"Hersfeld-Rotenburg";"Landkreis";"407,0";"382,6";"411,1";"413,8";"452,0";"464,9";"460,5";"443,6";"401,6";"409,0";"466,5";"473,4";"568,1";"724,8";"533,8";"533,6";"706,9";"662,1";"652,8";"645,0";"720,7";"677,2";"680,5"
"06633";"Kassel";"Landkreis";"427,7";"405,0";"456,9";"491,2";"558,8";"579,9";"520,2";"496,5";"444,4";"452,2";"480,7";"531,7";"616,0";"682,6";"625,2";"651,4";"694,7";"773,4";"682,5";"762,6";"720,9";"768,6";"833,9"
"06634";"Schwalm-Eder-Kreis";"Landkreis";"393,8";"369,4";"410,4";"423,4";"462,6";"465,3";"445,6";"437,4";"402,0";"402,5";"418,0";"450,0";"512,8";"543,4";"503,1";"504,0";"535,4";"532,7";"564,7";"585,6";"620,4";"667,7";"720,0"
"06635";"Waldeck-Frankenberg";"Landkreis";"414,2";"379,7";"405,4";"424,4";"455,6";"485,2";"470,1";"468,8";"446,3";"460,3";"479,3";"522,0";"558,0";"544,6";"533,7";"526,2";"615,7";"590,3";"635,1";"672,7";"662,7";"722,4";"775,4"
"06636";"Werra-Meißner-Kreis";"Landkreis";"376,5";"351,2";"389,1";"400,1";"421,5";"453,7";"428,9";"415,6";"393,0";"381,7";"394,0";"416,5";"457,8";"491,3";"442,4";"457,6";"475,3";"485,9";"508,1";"532,8";"553,3";"575,8";"627,5"
"07111";"Koblenz, Stadt";"krsfr. Stadt";"546,5";"585,8";"558,0";"627,8";"602,5";"635,2";"562,0";"610,9";"602,2";"725,2";"747,3";"958,4";"840,1";"982,5";"776,1";"828,5";"898,9";"932,3";"1.075,9";"930,1";"929,0";"1.090,4";"1.124,0"
"07131";"Ahrweiler";"Landkreis";"401,7";"370,4";"380,8";"385,9";"396,5";"395,3";"383,0";"365,7";"383,9";"384,2";"388,3";"428,5";"475,2";"517,3";"475,9";"501,3";"551,3";"575,4";"590,1";"620,2";"635,5";"632,6";"687,3"
"07132";"Altenkirchen (Westerwald)";"Landkreis";"359,8";"340,0";"342,9";"370,9";"383,4";"379,9";"371,6";"360,3";"340,4";"339,7";"363,8";"411,9";"446,8";"502,1";"456,7";"469,0";"501,6";"567,7";"566,0";"601,8";"616,7";"611,5";"663,2"
"07133";"Bad Kreuznach";"Landkreis";"408,2";"375,4";"387,7";"417,3";"399,0";"391,3";"396,3";"379,1";"368,6";"388,9";"425,1";"442,6";"486,9";"516,6";"495,0";"481,6";"556,8";"579,1";"569,4";"592,6";"634,1";"630,5";"692,0"
"07134";"Birkenfeld";"Landkreis";"401,5";"385,6";"376,4";"381,9";"401,5";"408,3";"375,3";"374,3";"369,8";"379,7";"395,7";"450,5";"457,5";"509,2";"442,5";"464,7";"506,4";"527,7";"536,5";"562,9";"568,9";"574,2";"618,9"
"07135";"Cochem-Zell";"Landkreis";"332,4";"304,1";"324,7";"341,7";"364,9";"367,9";"351,7";"327,4";"323,1";"339,1";"380,4";"382,9";"407,1";"442,4";"425,7";"433,1";"476,6";"524,0";"521,9";"535,8";"549,1";"588,6";"636,4"
"07137";"Mayen-Koblenz";"Landkreis";"443,8";"399,0";"411,7";"420,7";"441,2";"434,3";"417,0";"388,6";"402,4";"422,4";"435,5";"504,9";"554,7";"587,6";"526,4";"560,5";"618,5";"657,6";"678,6";"681,6";"710,1";"681,7";"755,7"
"07138";"Neuwied";"Landkreis";"467,4";"455,3";"400,1";"437,3";"481,9";"484,5";"456,5";"419,5";"451,3";"459,6";"501,0";"552,8";"609,2";"668,6";"577,0";"594,0";"646,7";"675,6";"695,7";"674,7";"713,0";"770,4";"803,9"
"07140";"Rhein-Hunsrück-Kreis";"Landkreis";"372,0";"345,6";"354,5";"377,9";"391,6";"396,8";"378,4";"363,5";"367,4";"393,4";"427,3";"502,0";"543,6";"564,0";"504,0";"515,3";"573,5";"613,2";"626,3";"659,1";"665,6";"688,6";"756,4"
"07141";"Rhein-Lahn-Kreis";"Landkreis";"380,1";"344,9";"340,8";"380,2";"382,2";"399,1";"370,5";"369,7";"375,2";"376,2";"415,1";"440,4";"469,6";"510,1";"479,0";"471,2";"562,1";"589,2";"604,4";"583,5";"597,3";"633,1";"674,1"
"07143";"Westerwaldkreis";"Landkreis";"404,2";"380,7";"390,4";"416,6";"433,7";"441,2";"411,6";"400,1";"398,3";"438,7";"441,1";"498,3";"564,1";"608,4";"579,6";"538,0";"620,5";"640,3";"661,7";"681,3";"746,7";"782,3";"816,4"
"07211";"Trier, Stadt";"krsfr. Stadt";"422,9";"431,6";"443,4";"452,0";"457,2";"460,1";"416,0";"399,4";"441,4";"455,5";"488,0";"552,8";"545,4";"603,2";"512,2";"519,2";"600,7";"639,6";"624,8";"666,5";"672,0";"669,7";"730,5"
"07231";"Bernkastel-Wittlich";"Landkreis";"366,3";"356,4";"351,8";"397,5";"405,7";"399,4";"395,7";"393,7";"363,8";"376,7";"407,4";"462,4";"492,3";"557,3";"506,1";"558,8";"574,6";"612,4";"619,6";"651,3";"654,6";"690,1";"775,5"
"07232";"Eifelkreis Bitburg-Prüm";"Landkreis";"360,3";"340,1";"332,8";"364,0";"376,5";"379,9";"362,5";"357,0";"364,7";"322,6";"335,0";"380,0";"415,2";"467,7";"449,1";"442,5";"477,7";"507,3";"511,6";"520,3";"545,8";"581,5";"605,7"
"07233";"Vulkaneifel";"Landkreis";"349,9";"325,3";"339,3";"361,7";"364,6";"379,8";"356,0";"372,7";"371,6";"426,4";"408,6";"446,7";"436,7";"545,4";"430,2";"515,0";"531,5";"569,3";"567,1";"554,8";"617,8";"628,5";"686,4"
"07235";"Trier-Saarburg";"Landkreis";"312,6";"288,4";"296,8";"313,2";"327,3";"326,2";"320,1";"302,3";"304,2";"311,5";"334,5";"359,0";"386,0";"445,2";"386,1";"394,0";"426,5";"453,7";"448,9";"471,0";"482,4";"491,4";"525,7"
"07311";"Frankenthal (Pfalz), Stadt";"krsfr. Stadt";"488,2";"522,8";"466,0";"513,5";"499,9";"520,6";"481,1";"460,9";"453,9";"438,3";"522,8";"512,1";"605,6";"668,0";"540,8";"580,6";"652,6";"685,9";"659,9";"704,3";"688,3";"649,2";"757,4"
"07312";"Kaiserslautern, Stadt";"krsfr. Stadt";"459,8";"470,2";"491,1";"528,7";"519,4";"477,0";"446,7";"436,6";"442,6";"438,8";"461,0";"512,1";"596,1";"623,8";"602,8";"582,7";"661,5";"710,0";"692,5";"694,2";"800,1";"753,4";"873,4"
"07313";"Landau in der Pfalz, Stadt";"krsfr. Stadt";"454,5";"454,4";"450,9";"476,4";"487,1";"500,2";"503,9";"433,4";"435,1";"472,8";"489,3";"549,7";"587,3";"655,8";"591,4";"572,9";"683,8";"737,3";"730,7";"753,2";"772,1";"735,5";"827,2"
"07314";"Ludwigshafen am Rhein, Stadt";"krsfr. Stadt";"774,3";"837,2";"805,9";"973,4";"822,8";"1.116,7";"643,5";"767,9";"582,4";"748,9";"881,7";"867,2";"994,3";"998,0";"663,0";"1.035,8";"1.129,6";"1.221,6";"1.046,4";"1.071,7";"1.110,1";"1.172,1";"1.105,7"
"07315";"Mainz, Stadt";"krsfr. Stadt";"626,2";"688,3";"609,4";"671,0";"688,5";"753,0";"643,8";"606,9";"555,2";"656,2";"631,5";"757,8";"769,8";"831,9";"728,7";"736,5";"712,8";"830,7";"907,4";"848,6";"921,2";"955,0";"996,6"
"07316";"Neustadt an der Weinstraße, Stadt";"krsfr. Stadt";"459,2";"446,4";"477,1";"489,3";"468,8";"466,1";"434,5";"442,1";"462,7";"481,6";"528,3";"495,4";"567,9";"618,6";"557,0";"550,1";"621,7";"660,1";"674,0";"718,2";"761,8";"717,1";"780,0"
"07317";"Pirmasens, Stadt";"krsfr. Stadt";"479,0";"475,3";"437,1";"452,7";"418,8";"444,4";"439,4";"463,7";"417,7";"456,1";"443,2";"485,9";"518,3";"630,2";"514,0";"539,9";"569,1";"648,0";"608,4";"678,7";"632,5";"676,2";"696,3"
"07318";"Speyer, Stadt";"krsfr. Stadt";"501,5";"456,4";"469,1";"490,0";"505,3";"549,5";"571,5";"504,9";"485,7";"572,5";"589,1";"616,5";"663,9";"748,2";"658,7";"650,2";"795,8";"916,1";"907,5";"900,1";"921,1";"939,7";"1.020,0"
"07319";"Worms, Stadt";"krsfr. Stadt";"486,3";"427,1";"442,8";"478,1";"495,5";"518,2";"493,3";"473,3";"447,3";"494,4";"470,2";"510,4";"555,3";"611,7";"520,5";"566,7";"633,7";"686,9";"699,0";"711,2";"730,8";"798,0";"856,2"
"07320";"Zweibrücken, Stadt";"krsfr. Stadt";"415,7";"427,5";"376,8";"407,9";"538,3";"503,0";"398,4";"387,6";"368,8";"441,8";"454,8";"596,3";"526,1";"784,8";"744,5";"559,6";"522,6";"994,8";"682,7";"715,7";"718,1";"694,3";"861,7"
"07331";"Alzey-Worms";"Landkreis";"368,3";"337,4";"342,2";"356,2";"363,5";"386,4";"361,8";"345,0";"369,6";"375,0";"395,3";"449,7";"497,2";"547,3";"518,1";"523,7";"590,3";"605,7";"604,2";"613,5";"657,8";"664,4";"713,0"
"07332";"Bad Dürkheim";"Landkreis";"443,5";"419,3";"403,8";"419,3";"442,4";"448,3";"408,8";"405,7";"421,8";"431,1";"449,9";"483,1";"517,0";"574,6";"539,7";"530,2";"580,3";"652,2";"648,1";"682,4";"686,4";"686,3";"769,8"
"07333";"Donnersbergkreis";"Landkreis";"362,6";"319,2";"329,4";"370,6";"358,9";"351,9";"330,5";"357,8";"336,5";"340,5";"396,9";"436,7";"507,9";"535,4";"480,3";"461,5";"587,8";"596,7";"689,5";"650,4";"620,2";"672,1";"714,6"
"07334";"Germersheim";"Landkreis";"463,7";"421,4";"390,6";"434,0";"437,4";"440,6";"431,9";"372,7";"413,1";"452,1";"409,4";"475,2";"544,8";"540,7";"476,1";"538,4";"633,1";"695,2";"652,2";"748,2";"848,4";"841,3";"904,4"
"07335";"Kaiserslautern";"Landkreis";"365,7";"333,0";"325,2";"345,4";"357,5";"362,5";"347,3";"338,6";"350,6";"357,8";"377,5";"424,2";"438,1";"514,0";"456,8";"459,4";"517,7";"540,4";"548,6";"560,6";"587,4";"581,4";"637,4"
"07336";"Kusel";"Landkreis";"378,3";"339,3";"330,8";"346,2";"350,0";"343,7";"341,0";"325,9";"330,3";"347,5";"350,2";"347,6";"387,7";"417,5";"384,1";"390,8";"425,0";"444,0";"460,2";"471,9";"502,4";"509,3";"549,1"
"07337";"Südliche Weinstraße";"Landkreis";"390,8";"377,2";"370,6";"398,4";"402,6";"399,7";"372,8";"373,7";"385,9";"406,9";"424,3";"449,9";"513,7";"550,4";"508,7";"502,8";"544,5";"586,1";"630,4";"633,2";"672,3";"674,4";"734,3"
"07338";"Rhein-Pfalz-Kreis";"Landkreis";"493,5";"445,0";"439,0";"471,6";"457,7";"473,6";"450,6";"434,8";"445,0";"464,5";"484,3";"515,0";"555,1";"607,3";"557,3";"572,4";"634,3";"652,6";"661,6";"704,4";"719,8";"728,1";"774,9"
"07339";"Mainz-Bingen";"Landkreis";"491,6";"435,9";"447,4";"474,7";"598,8";"543,3";"584,7";"568,3";"560,7";"583,3";"665,8";"998,8";"983,2";"1.047,5";"979,4";"953,3";"963,7";"1.102,5";"1.222,0";"1.215,3";"1.325,3";"1.296,0";"1.450,8"
"07340";"Südwestpfalz";"Landkreis";"365,3";"340,9";"337,1";"337,0";"355,6";"352,5";"349,8";"335,4";"326,8";"339,7";"351,4";"393,7";"419,8";"472,2";"438,7";"429,8";"491,4";"537,4";"538,3";"558,1";"544,6";"569,0";"599,0"
"08111";"Stuttgart, Stadt";"krsfr. Stadt";"698,8";"725,7";"715,9";"815,2";"901,7";"913,6";"769,7";"746,0";"773,2";"952,5";"885,5";"979,7";"1.095,3";"1.106,0";"1.083,2";"885,4";"1.177,3";"1.137,5";"1.138,4";"1.105,4";"1.170,7";"1.294,5";"1.347,0"
"08115";"Böblingen";"Landkreis";"680,9";"672,5";"656,8";"713,8";"750,1";"849,5";"827,3";"711,9";"738,0";"823,5";"763,0";"836,7";"952,8";"1.054,0";"947,0";"856,4";"1.195,4";"1.092,6";"998,5";"1.123,7";"1.227,3";"1.266,2";"1.328,7"
"08116";"Esslingen";"Landkreis";"611,6";"596,9";"577,4";"643,6";"681,8";"694,2";"679,4";"635,9";"620,8";"668,5";"672,8";"768,8";"839,6";"890,5";"698,8";"738,9";"838,2";"931,5";"949,7";"990,1";"1.022,5";"1.073,6";"1.155,6"
"08117";"Göppingen";"Landkreis";"506,5";"480,5";"486,9";"530,5";"573,2";"582,7";"561,2";"558,5";"519,9";"567,7";"550,9";"626,2";"680,7";"761,5";"619,0";"625,9";"697,7";"798,4";"833,6";"822,0";"867,8";"869,9";"912,4"
"08118";"Ludwigsburg";"Landkreis";"617,2";"598,4";"584,5";"669,9";"689,3";"719,1";"671,1";"669,2";"672,7";"713,4";"726,9";"802,6";"873,3";"933,9";"820,1";"770,0";"928,8";"940,4";"964,8";"997,1";"1.054,7";"1.117,4";"1.190,1"
"08119";"Rems-Murr-Kreis";"Landkreis";"578,7";"563,7";"539,1";"609,8";"639,6";"648,6";"634,9";"605,4";"586,4";"616,2";"639,2";"707,1";"768,0";"834,8";"711,8";"703,2";"775,9";"872,1";"870,6";"883,8";"941,7";"967,6";"1.082,2"
"08121";"Heilbronn, Stadt";"krsfr. Stadt";"637,2";"628,0";"681,0";"737,7";"794,3";"726,5";"716,6";"671,4";"582,2";"708,1";"713,6";"801,9";"851,8";"874,9";"686,8";"747,1";"909,8";"928,4";"1.082,1";"979,6";"1.061,6";"1.036,1";"1.102,8"
"08125";"Heilbronn";"Landkreis";"473,2";"487,9";"488,5";"539,0";"608,3";"663,2";"582,7";"613,1";"585,7";"632,6";"626,5";"853,3";"797,6";"903,9";"745,5";"839,2";"890,4";"1.007,4";"1.081,1";"1.023,1";"970,5";"1.022,6";"1.016,0"
"08126";"Hohenlohekreis";"Landkreis";"506,1";"494,7";"523,1";"566,8";"598,9";"645,3";"607,3";"565,3";"552,6";"617,8";"610,8";"754,1";"868,3";"1.152,3";"687,8";"772,2";"824,4";"1.026,7";"842,1";"959,2";"1.068,2";"995,3";"1.223,5"
"08127";"Schwäbisch Hall";"Landkreis";"521,5";"579,8";"522,0";"685,4";"592,6";"640,3";"633,1";"505,0";"493,4";"492,4";"540,5";"621,0";"688,5";"701,9";"661,0";"657,1";"748,8";"794,1";"814,9";"799,4";"873,0";"918,9";"1.018,8"
"08128";"Main-Tauber-Kreis";"Landkreis";"438,1";"428,1";"449,1";"482,1";"511,4";"535,8";"494,4";"483,8";"479,2";"497,9";"526,9";"563,3";"635,4";"701,6";"594,6";"623,7";"711,6";"737,2";"761,4";"770,2";"808,1";"804,0";"904,6"
"08135";"Heidenheim";"Landkreis";"490,0";"478,7";"467,4";"576,9";"565,1";"579,7";"553,9";"546,1";"507,3";"542,5";"546,0";"609,5";"665,4";"750,1";"681,1";"665,8";"787,1";"720,1";"772,3";"790,6";"880,5";"891,1";"949,2"
"08136";"Ostalbkreis";"Landkreis";"460,1";"447,3";"439,0";"515,8";"534,7";"536,9";"508,9";"508,4";"480,9";"510,5";"525,1";"626,1";"688,3";"791,0";"600,1";"659,4";"797,0";"794,6";"832,0";"876,3";"923,0";"981,5";"1.044,4"
"08211";"Baden-Baden, Stadt";"krsfr. Stadt";"608,5";"561,1";"580,8";"589,6";"697,1";"655,9";"613,8";"624,7";"610,1";"656,7";"779,8";"739,0";"854,2";"857,0";"929,2";"838,1";"932,4";"1.021,3";"1.127,7";"1.095,5";"1.093,7";"1.153,6";"1.294,3"
"08212";"Karlsruhe, Stadt";"krsfr. Stadt";"613,0";"612,1";"625,4";"702,0";"775,3";"766,2";"650,6";"661,0";"669,2";"782,3";"764,3";"894,6";"885,1";"955,7";"863,2";"805,9";"885,3";"994,9";"1.036,6";"991,4";"1.038,0";"1.096,2";"1.269,6"
"08215";"Karlsruhe";"Landkreis";"505,3";"496,7";"489,3";"546,0";"654,4";"578,2";"582,5";"548,3";"536,6";"563,8";"595,2";"670,2";"730,3";"778,2";"690,9";"661,2";"736,6";"818,9";"841,3";"831,1";"871,0";"915,2";"986,7"
"08216";"Rastatt";"Landkreis";"531,4";"512,6";"515,0";"623,7";"630,1";"606,4";"589,7";"583,1";"591,0";"642,5";"644,6";"720,3";"743,8";"801,9";"693,5";"757,6";"755,7";"871,3";"905,3";"920,4";"974,7";"967,6";"1.119,0"
"08221";"Heidelberg, Stadt";"krsfr. Stadt";"523,2";"520,6";"496,3";"575,4";"578,8";"649,4";"582,8";"583,1";"520,9";"539,1";"537,9";"577,3";"653,4";"788,9";"792,3";"742,3";"763,5";"835,2";"831,9";"857,2";"1.015,0";"922,3";"953,9"
"08222";"Mannheim, Stadt";"krsfr. Stadt";"544,2";"574,5";"566,5";"630,7";"685,2";"700,9";"679,0";"633,0";"617,8";"774,5";"695,2";"804,1";"950,3";"911,4";"826,1";"788,4";"967,5";"1.169,5";"940,8";"1.061,3";"1.084,9";"1.147,7";"1.176,7"
"08225";"Neckar-Odenwald-Kreis";"Landkreis";"392,6";"391,7";"412,8";"483,6";"496,0";"523,2";"460,4";"458,3";"440,4";"433,5";"475,3";"467,2";"522,8";"613,9";"515,6";"502,8";"590,7";"632,3";"670,2";"740,4";"743,5";"691,4";"856,3"
"08226";"Rhein-Neckar-Kreis";"Landkreis";"522,2";"519,7";"502,6";"595,8";"662,9";"595,7";"639,8";"606,5";"603,4";"627,9";"832,3";"740,3";"850,1";"981,2";"784,2";"775,5";"867,7";"912,5";"1.071,5";"1.207,0";"1.111,6";"1.184,2";"1.231,7"
"08231";"Pforzheim, Stadt";"Landkreis";"579,2";"590,0";"570,9";"627,4";"702,7";"685,7";"624,4";"615,2";"569,1";"654,6";"621,5";"618,9";"713,5";"723,1";"645,5";"648,4";"821,5";"909,3";"893,3";"897,4";"831,7";"852,8";"895,1"
"08235";"Calw";"Landkreis";"443,6";"430,8";"452,9";"475,0";"516,6";"516,5";"520,8";"501,3";"472,1";"486,7";"523,6";"554,5";"622,4";"670,5";"559,1";"575,5";"656,4";"726,9";"760,6";"754,3";"744,5";"802,8";"869,9"
"08236";"Enzkreis";"Landkreis";"509,9";"485,4";"495,6";"555,8";"592,8";"597,9";"577,3";"565,7";"580,5";"579,2";"584,5";"644,5";"714,1";"810,1";"615,0";"647,3";"744,5";"844,7";"851,3";"837,9";"888,1";"912,8";"989,2"
"08237";"Freudenstadt";"Landkreis";"483,4";"502,8";"486,4";"553,1";"570,7";"572,3";"540,2";"491,6";"495,5";"540,4";"555,4";"614,7";"683,3";"749,5";"585,7";"619,3";"740,2";"804,8";"839,6";"854,2";"809,7";"954,3";"1.088,2"
"08311";"Freiburg im Breisgau, Stadt";"krsfr. Stadt";"449,8";"455,7";"457,4";"506,2";"523,1";"559,1";"528,1";"557,7";"547,6";"584,8";"556,1";"614,5";"654,5";"684,5";"660,3";"639,3";"765,5";"796,9";"808,0";"828,1";"915,4";"961,9";"1.024,6"
"08315";"Breisgau-Hochschwarzwald";"Landkreis";"426,6";"412,7";"404,7";"443,3";"469,0";"514,3";"488,2";"484,8";"475,7";"499,3";"489,5";"541,0";"626,7";"658,0";"577,1";"624,5";"653,0";"707,2";"727,4";"748,2";"805,7";"818,6";"902,6"
"08316";"Emmendingen";"Landkreis";"407,9";"403,0";"403,3";"460,7";"482,2";"501,5";"471,6";"458,8";"444,2";"466,3";"479,4";"533,3";"593,1";"637,1";"538,8";"570,5";"638,2";"689,4";"740,2";"723,8";"778,5";"833,6";"889,9"
"08317";"Ortenaukreis";"Landkreis";"492,0";"482,7";"483,0";"536,6";"571,9";"582,4";"573,4";"548,0";"512,4";"573,8";"588,5";"642,9";"711,1";"798,5";"648,2";"711,9";"723,4";"790,1";"815,7";"848,0";"856,6";"898,0";"999,3"
"08325";"Rottweil";"Landkreis";"504,5";"490,9";"499,6";"547,8";"558,4";"590,4";"561,7";"541,2";"549,5";"607,5";"627,6";"687,8";"749,5";"837,8";"662,6";"747,8";"812,3";"909,1";"1.022,8";"963,7";"1.123,6";"1.076,0";"1.199,4"
"08326";"Schwarzwald-Baar-Kreis";"Landkreis";"516,8";"520,8";"513,1";"556,3";"614,7";"599,1";"564,1";"534,6";"521,5";"531,3";"569,6";"629,7";"721,8";"772,5";"627,0";"637,8";"733,8";"809,8";"840,2";"865,7";"874,3";"902,6";"987,8"
"08327";"Tuttlingen";"Landkreis";"541,0";"517,2";"520,8";"589,4";"671,5";"680,5";"656,4";"642,8";"594,9";"654,3";"679,8";"731,0";"842,1";"952,8";"717,5";"712,4";"883,8";"963,3";"1.005,8";"1.073,2";"1.053,8";"1.129,5";"1.195,1"
"08335";"Konstanz";"Landkreis";"452,8";"439,5";"444,0";"504,1";"518,8";"544,9";"540,5";"528,5";"528,2";"583,3";"573,4";"636,3";"699,2";"743,5";"699,6";"613,2";"700,7";"749,1";"768,2";"874,4";"877,6";"888,2";"1.005,2"
"08336";"Lörrach";"Landkreis";"510,0";"477,6";"478,3";"527,8";"600,7";"594,4";"575,5";"548,8";"552,5";"571,7";"567,0";"605,8";"732,2";"744,8";"622,7";"671,2";"725,0";"826,6";"842,7";"833,6";"936,7";"964,0";"1.058,7"
"08337";"Waldshut";"Landkreis";"466,7";"474,9";"468,8";"512,7";"550,1";"582,2";"573,6";"523,0";"488,6";"517,9";"536,6";"590,4";"635,0";"671,3";"581,6";"613,3";"679,7";"718,8";"782,2";"802,9";"852,2";"876,6";"965,8"
"08415";"Reutlingen";"Landkreis";"532,2";"514,1";"540,4";"611,3";"613,4";"634,4";"630,0";"575,2";"561,7";"633,4";"612,9";"691,0";"754,6";"775,2";"666,9";"664,8";"767,9";"838,6";"848,4";"882,1";"926,0";"955,4";"1.078,8"
"08416";"Tübingen";"Landkreis";"446,9";"435,6";"436,6";"467,3";"487,9";"510,3";"487,5";"475,5";"482,9";"484,3";"514,9";"576,7";"630,8";"684,3";"596,1";"590,4";"669,6";"739,5";"778,1";"800,2";"825,9";"847,1";"904,8"
"08417";"Zollernalbkreis";"Landkreis";"545,3";"519,5";"511,8";"587,3";"633,9";"639,3";"584,5";"565,4";"543,3";"577,9";"579,1";"636,1";"710,3";"765,7";"579,0";"640,7";"714,3";"775,9";"814,3";"844,8";"997,1";"1.000,8";"1.002,6"
"08421";"Ulm, Stadt";"krsfr. Stadt";"611,8";"599,3";"655,3";"668,0";"688,8";"745,4";"681,2";"620,0";"578,0";"671,5";"840,8";"943,5";"1.021,0";"1.062,0";"919,2";"1.024,7";"980,7";"1.216,0";"1.132,2";"971,3";"1.163,9";"1.274,3";"1.356,7"
"08425";"Alb-Donau-Kreis";"Landkreis";"468,5";"403,4";"440,7";"528,7";"542,3";"570,5";"525,4";"538,6";"497,2";"535,9";"565,1";"656,1";"806,0";"816,2";"663,1";"721,3";"807,0";"791,9";"850,2";"892,7";"889,4";"942,9";"1.024,1"
"08426";"Biberach";"Landkreis";"500,8";"473,8";"486,9";"524,5";"579,5";"606,4";"589,4";"554,4";"555,5";"646,7";"635,8";"938,5";"899,4";"960,1";"769,6";"772,6";"864,6";"1.009,3";"989,5";"1.075,3";"1.197,9";"1.192,9";"1.313,0"
"08435";"Bodenseekreis";"Landkreis";"492,0";"459,5";"466,0";"541,8";"566,8";"589,5";"561,0";"550,6";"535,1";"574,5";"576,3";"698,2";"799,6";"927,3";"664,0";"746,1";"801,6";"870,8";"943,5";"982,5";"963,1";"1.044,6";"1.131,3"
"08436";"Ravensburg";"Landkreis";"465,5";"440,4";"439,6";"470,8";"517,1";"528,3";"490,7";"472,6";"488,5";"538,9";"558,1";"610,2";"679,8";"715,6";"627,3";"633,7";"702,1";"745,8";"774,3";"784,0";"819,2";"884,9";"967,3"
"08437";"Sigmaringen";"Landkreis";"460,8";"448,8";"416,9";"467,9";"482,1";"505,0";"483,8";"456,4";"446,5";"492,5";"475,9";"577,3";"632,5";"677,7";"589,4";"606,0";"662,9";"729,8";"788,8";"784,1";"816,8";"808,3";"880,1"
"09161";"Ingolstadt, Stadt";"krsfr. Stadt";"552,0";"523,0";"620,2";"767,7";"1.015,5";"871,3";"819,2";"754,7";"598,4";"570,2";"625,2";"770,3";"718,4";"1.020,4";"989,8";"972,4";"1.149,7";"1.301,5";"1.645,4";"1.339,8";"1.209,4";"1.484,2";"1.056,0"
"09162";"München, Stadt";"krsfr. Stadt";"784,9";"769,5";"722,8";"966,1";"962,6";"971,7";"909,3";"864,5";"833,5";"935,1";"987,1";"1.043,2";"1.237,1";"1.238,8";"1.129,1";"1.094,4";"1.243,4";"1.209,4";"1.417,9";"1.457,0";"1.548,0";"1.620,0";"1.621,4"
"09163";"Rosenheim, Stadt";"krsfr. Stadt";"568,0";"525,3";"530,5";"609,2";"668,5";"668,1";"619,7";"598,1";"610,5";"613,7";"683,2";"781,4";"803,1";"850,5";"804,5";"761,7";"864,3";"899,2";"951,9";"928,8";"982,4";"931,0";"1.029,3"
"09171";"Altötting";"Landkreis";"559,3";"522,2";"551,8";"587,1";"577,9";"647,9";"610,0";"587,2";"554,1";"643,3";"716,2";"861,3";"905,6";"995,3";"775,2";"980,7";"1.082,9";"831,8";"826,6";"1.147,0";"1.207,5";"1.029,6";"1.482,2"
"09172";"Berchtesgadener Land";"Landkreis";"444,4";"413,2";"414,6";"431,2";"450,9";"459,9";"446,2";"444,9";"423,4";"427,7";"482,4";"484,3";"546,1";"589,8";"591,5";"568,5";"609,2";"643,9";"654,8";"673,0";"747,8";"800,2";"855,0"
"09173";"Bad Tölz-Wolfratshausen";"Landkreis";"513,4";"481,7";"504,1";"499,7";"534,9";"548,3";"547,6";"537,1";"540,1";"608,4";"540,2";"603,9";"697,6";"717,2";"655,7";"669,3";"713,4";"755,8";"791,3";"863,0";"887,7";"939,8";"1.008,1"
"09174";"Dachau";"Landkreis";"551,4";"505,5";"516,0";"564,4";"597,8";"673,4";"627,1";"582,8";"584,0";"618,2";"620,4";"727,3";"801,2";"925,3";"823,9";"775,2";"802,5";"839,3";"869,1";"922,1";"958,4";"997,0";"1.100,1"
"09175";"Ebersberg";"Landkreis";"579,2";"559,3";"522,7";"549,3";"591,2";"651,3";"619,4";"598,6";"642,3";"664,9";"682,8";"722,5";"803,6";"922,5";"864,4";"786,6";"868,7";"925,5";"927,3";"1.001,2";"1.052,5";"1.066,8";"1.148,9"
"09176";"Eichstätt";"Landkreis";"446,7";"427,9";"434,4";"453,6";"500,6";"501,5";"487,5";"477,5";"488,5";"519,6";"526,3";"566,4";"620,7";"709,1";"678,5";"654,5";"667,6";"760,0";"805,6";"847,6";"908,5";"920,9";"1.005,8"
"09177";"Erding";"Landkreis";"455,6";"424,0";"423,8";"488,9";"521,2";"565,8";"544,1";"517,1";"540,1";"561,8";"573,7";"655,0";"714,6";"828,9";"759,7";"767,5";"828,2";"887,5";"967,1";"1.056,0";"1.085,7";"1.084,4";"1.230,1"
"09178";"Freising";"Landkreis";"527,7";"499,0";"499,2";"563,3";"636,8";"627,0";"607,2";"594,6";"617,5";"583,3";"640,3";"684,7";"922,3";"884,4";"830,1";"825,1";"941,2";"991,6";"951,0";"1.101,6";"1.118,5";"1.165,6";"1.297,8"
"09179";"Fürstenfeldbruck";"Landkreis";"604,5";"574,6";"556,7";"572,6";"618,4";"660,9";"629,7";"627,2";"624,3";"615,1";"636,5";"709,0";"791,7";"840,4";"778,3";"750,9";"809,1";"848,3";"866,4";"930,2";"985,7";"1.067,4";"1.094,3"
"09180";"Garmisch-Partenkirchen";"Landkreis";"463,1";"447,8";"447,5";"468,5";"496,3";"510,3";"495,8";"484,1";"450,1";"466,7";"473,2";"516,2";"567,3";"620,6";"630,6";"612,2";"671,2";"710,1";"701,3";"756,4";"817,6";"846,8";"918,2"
"09181";"Landsberg am Lech";"Landkreis";"447,7";"420,4";"405,9";"450,4";"487,6";"500,4";"502,3";"480,5";"483,7";"502,7";"543,2";"632,8";"689,1";"741,5";"674,0";"716,1";"761,9";"820,0";"885,0";"900,6";"985,3";"1.041,6";"1.104,5"
"09182";"Miesbach";"Landkreis";"543,7";"499,5";"491,3";"520,4";"566,6";"585,8";"557,9";"570,0";"572,4";"576,2";"606,3";"757,1";"797,2";"828,4";"751,6";"759,1";"808,2";"850,0";"874,5";"936,9";"1.026,9";"1.048,8";"1.166,3"
"09183";"Mühldorf a.Inn";"Landkreis";"437,1";"417,4";"432,0";"485,0";"494,2";"520,3";"569,6";"460,9";"472,8";"501,3";"530,3";"564,2";"645,5";"709,0";"648,6";"657,3";"733,9";"802,5";"800,3";"811,9";"828,2";"881,2";"947,4"
"09184";"München";"Landkreis";"920,0";"924,6";"888,6";"1.063,3";"1.105,7";"1.225,6";"1.203,7";"989,8";"963,7";"1.203,4";"1.291,3";"1.603,2";"1.678,0";"1.914,5";"1.973,4";"1.569,7";"1.961,1";"2.050,2";"2.260,1";"2.106,4";"2.401,6";"2.611,4";"2.454,2"
"09185";"Neuburg-Schrobenhausen";"Landkreis";"421,6";"402,3";"408,0";"441,2";"473,3";"464,3";"475,3";"447,7";"463,1";"456,1";"468,7";"560,6";"631,6";"760,6";"648,5";"639,5";"698,5";"713,3";"747,9";"784,9";"838,3";"853,1";"934,0"
"09186";"Pfaffenhofen a.d.Ilm";"Landkreis";"450,1";"427,5";"443,8";"497,5";"529,6";"541,6";"532,4";"510,8";"503,4";"542,5";"553,8";"627,3";"725,3";"781,7";"744,5";"720,7";"789,6";"779,2";"860,2";"881,5";"968,7";"1.007,3";"1.133,5"
"09187";"Rosenheim";"Landkreis";"446,2";"424,0";"415,1";"461,0";"472,4";"512,9";"489,2";"478,5";"481,0";"497,1";"522,8";"585,1";"660,9";"692,2";"658,9";"646,7";"710,7";"732,4";"785,8";"820,9";"868,5";"911,4";"952,8"
"09188";"Starnberg";"Landkreis";"689,4";"642,3";"628,1";"673,7";"699,1";"755,2";"705,3";"695,3";"724,6";"882,5";"870,3";"931,3";"1.097,8";"1.131,1";"1.064,0";"1.150,7";"1.099,5";"1.279,3";"1.217,1";"1.222,8";"1.349,0";"1.352,0";"1.467,2"
"09189";"Traunstein";"Landkreis";"464,8";"474,7";"451,6";"502,5";"498,5";"528,9";"516,3";"483,4";"475,3";"455,7";"489,4";"572,8";"643,2";"672,4";"617,3";"648,5";"782,1";"791,4";"845,9";"887,6";"947,8";"928,0";"1.035,7"
"09190";"Weilheim-Schongau";"Landkreis";"472,0";"433,5";"429,9";"472,6";"530,9";"534,4";"564,8";"492,5";"533,0";"602,7";"584,7";"619,2";"802,6";"728,8";"617,0";"705,9";"757,3";"1.019,5";"737,0";"832,5";"932,3";"966,0";"1.130,6"
"09261";"Landshut, Stadt";"krsfr. Stadt";"588,3";"567,0";"714,1";"619,0";"655,6";"627,5";"616,3";"550,0";"543,6";"611,4";"639,5";"805,5";"771,2";"835,0";"804,1";"865,5";"867,2";"828,7";"916,0";"1.022,1";"981,8";"1.028,8";"1.089,0"
"09262";"Passau, Stadt";"krsfr. Stadt";"473,4";"536,0";"503,8";"606,7";"624,3";"609,2";"568,6";"544,6";"502,5";"543,0";"615,5";"686,4";"748,6";"812,9";"721,1";"758,2";"779,0";"814,6";"832,2";"888,1";"912,5";"960,6";"1.049,1"
"09263";"Straubing, Stadt";"krsfr. Stadt";"523,8";"516,6";"524,2";"523,2";"538,6";"574,2";"583,9";"575,4";"551,7";"585,5";"737,1";"759,8";"872,9";"799,2";"722,5";"827,8";"794,3";"803,1";"855,7";"891,0";"923,8";"973,0";"995,4"
"09271";"Deggendorf";"Landkreis";"387,0";"416,9";"392,9";"417,4";"463,0";"482,4";"458,5";"434,2";"407,3";"461,7";"438,1";"463,3";"583,0";"644,1";"572,9";"558,5";"647,2";"670,2";"682,0";"751,7";"752,3";"800,8";"845,7"
"09272";"Freyung-Grafenau";"Landkreis";"306,9";"297,3";"319,8";"336,7";"340,8";"366,9";"359,3";"336,7";"303,8";"308,2";"321,7";"359,1";"410,7";"479,8";"427,5";"420,0";"469,6";"495,3";"570,9";"579,0";"581,9";"638,1";"697,2"
"09273";"Kelheim";"Landkreis";"413,4";"375,5";"399,0";"415,7";"448,8";"446,6";"425,9";"425,0";"422,7";"435,4";"444,1";"492,1";"583,7";"639,9";"596,5";"650,5";"660,6";"707,4";"746,3";"766,7";"774,9";"832,5";"917,5"
"09274";"Landshut";"Landkreis";"479,0";"432,8";"490,3";"487,2";"520,0";"527,8";"466,9";"453,6";"464,2";"525,7";"508,2";"556,2";"677,1";"758,4";"730,8";"699,0";"751,1";"669,9";"867,9";"886,8";"943,7";"975,2";"1.043,1"
"09275";"Passau";"Landkreis";"347,2";"319,5";"347,2";"358,6";"373,3";"388,6";"372,0";"353,5";"355,8";"364,5";"411,8";"420,6";"494,3";"547,0";"508,8";"498,1";"551,7";"574,5";"612,2";"652,6";"678,4";"695,5";"811,4"
"09276";"Regen";"Landkreis";"324,7";"311,4";"338,8";"368,5";"373,7";"385,1";"377,5";"371,5";"372,4";"378,8";"406,2";"455,9";"494,4";"574,2";"473,1";"481,8";"567,1";"609,4";"617,5";"628,3";"673,6";"688,5";"754,7"
"09277";"Rottal-Inn";"Landkreis";"400,2";"379,2";"375,4";"396,5";"412,3";"423,4";"427,0";"403,4";"399,3";"433,8";"447,2";"474,0";"545,7";"587,4";"572,5";"606,8";"609,3";"620,3";"654,4";"718,0";"780,8";"788,8";"874,4"
"09278";"Straubing-Bogen";"Landkreis";"321,8";"306,9";"311,8";"334,1";"350,9";"379,1";"359,7";"360,7";"372,1";"389,0";"396,8";"433,2";"488,4";"539,9";"517,8";"537,7";"598,2";"670,1";"682,0";"709,3";"784,2";"806,1";"863,5"
"09279";"Dingolfing-Landau";"Landkreis";"546,5";"500,7";"536,7";"671,7";"609,8";"541,7";"514,3";"561,4";"471,6";"593,4";"663,5";"670,9";"711,0";"795,8";"781,9";"1.050,8";"1.625,1";"1.371,7";"1.647,6";"1.965,0";"1.731,3";"1.990,5";"1.504,4"
"09361";"Amberg, Stadt";"krsfr. Stadt";"456,0";"464,9";"457,1";"501,7";"511,5";"503,1";"510,9";"492,5";"476,3";"455,4";"571,3";"549,8";"731,4";"805,1";"577,4";"617,0";"688,3";"821,1";"878,4";"855,7";"934,6";"937,5";"1.042,9"
"09362";"Regensburg, Stadt";"krsfr. Stadt";"607,4";"597,3";"683,9";"702,7";"715,2";"830,0";"687,8";"633,3";"583,7";"702,1";"725,4";"852,1";"930,5";"1.030,7";"900,2";"1.062,5";"1.028,8";"1.442,5";"1.288,8";"1.339,0";"1.424,8";"1.488,6";"1.472,8"
"09363";"Weiden i.d.OPf., Stadt";"krsfr. Stadt";"541,2";"583,4";"583,5";"698,6";"689,4";"711,4";"725,1";"657,8";"645,0";"596,2";"682,4";"777,2";"695,1";"765,3";"669,8";"661,4";"751,9";"700,3";"724,2";"789,4";"828,2";"857,4";"957,4"
"09371";"Amberg-Sulzbach";"Landkreis";"346,9";"337,0";"353,5";"363,3";"382,5";"356,3";"394,1";"376,1";"358,7";"387,0";"372,5";"407,4";"514,1";"569,0";"480,0";"507,3";"545,7";"562,1";"604,9";"651,6";"692,6";"732,5";"797,2"
"09372";"Cham";"Landkreis";"312,5";"305,8";"353,6";"360,0";"387,1";"395,4";"397,4";"368,8";"387,6";"407,9";"434,7";"453,6";"506,7";"553,6";"496,8";"498,0";"595,3";"621,9";"624,0";"660,6";"722,7";"773,6";"832,5"
"09373";"Neumarkt i.d.OPf.";"Landkreis";"399,6";"395,3";"401,9";"443,7";"456,6";"448,7";"444,5";"440,2";"421,1";"431,3";"478,3";"545,5";"582,7";"627,9";"614,3";"622,4";"686,0";"710,1";"761,0";"769,7";"877,2";"892,9";"945,8"
"09374";"Neustadt a.d.Waldnaab";"Landkreis";"342,2";"324,9";"345,3";"353,6";"394,1";"393,4";"378,3";"371,3";"345,6";"374,2";"372,5";"415,9";"484,0";"562,3";"526,1";"507,1";"524,0";"583,8";"583,3";"642,3";"698,6";"755,2";"867,3"
"09375";"Regensburg";"Landkreis";"379,3";"365,4";"379,9";"418,3";"428,2";"468,7";"451,1";"436,9";"463,2";"471,8";"454,0";"513,0";"595,0";"651,6";"601,7";"589,7";"627,3";"669,0";"730,4";"750,5";"804,1";"847,2";"900,7"
"09376";"Schwandorf";"Landkreis";"370,5";"352,7";"410,5";"430,1";"457,0";"456,6";"439,4";"419,3";"408,4";"439,6";"482,2";"511,9";"596,6";"647,9";"616,1";"576,2";"670,6";"648,5";"691,6";"761,3";"808,0";"845,7";"896,5"
"09377";"Tirschenreuth";"Landkreis";"354,5";"335,3";"342,5";"371,5";"385,8";"398,5";"386,6";"371,4";"336,0";"349,3";"423,5";"447,3";"498,7";"588,3";"495,6";"533,1";"556,0";"588,5";"601,3";"655,2";"711,1";"773,5";"851,7"
"09461";"Bamberg, Stadt";"krsfr. Stadt";"553,4";"623,0";"604,6";"677,3";"640,4";"619,0";"649,3";"562,8";"570,4";"726,7";"698,0";"777,5";"735,7";"786,8";"712,6";"738,7";"784,7";"766,9";"817,1";"864,5";"907,6";"920,0";"1.085,1"
"09462";"Bayreuth, Stadt";"krsfr. Stadt";"561,3";"546,2";"544,1";"612,1";"613,1";"656,8";"619,5";"561,6";"569,0";"584,3";"659,3";"695,7";"898,8";"835,5";"660,3";"790,4";"856,3";"840,7";"857,2";"991,7";"1.300,3";"1.183,0";"1.384,9"
"09463";"Coburg, Stadt";"krsfr. Stadt";"787,9";"780,2";"878,9";"1.197,7";"997,5";"1.314,0";"1.239,7";"1.345,9";"853,1";"1.450,7";"1.274,0";"2.117,7";"1.714,7";"2.254,7";"1.879,7";"1.261,5";"1.554,0";"1.825,1";"1.507,4";"1.404,1";"1.539,7";"1.738,3";"1.905,5"
"09464";"Hof, Stadt";"krsfr. Stadt";"453,3";"453,8";"454,0";"524,0";"543,9";"522,7";"524,7";"492,0";"420,9";"486,9";"602,5";"513,1";"597,3";"636,4";"551,0";"566,8";"648,9";"647,9";"723,8";"747,1";"802,7";"765,4";"844,4"
"09471";"Bamberg";"Landkreis";"416,3";"395,4";"442,0";"441,9";"458,2";"457,9";"492,5";"411,6";"419,8";"456,3";"472,3";"479,5";"561,4";"589,0";"570,5";"600,7";"623,8";"655,4";"738,6";"730,4";"801,8";"816,1";"912,7"
"09472";"Bayreuth";"Landkreis";"355,3";"339,1";"352,7";"370,0";"396,3";"412,4";"396,9";"378,7";"357,3";"378,4";"391,7";"414,6";"492,6";"539,5";"507,8";"493,5";"530,3";"563,2";"594,3";"640,0";"662,5";"692,8";"771,2"
"09473";"Coburg";"Landkreis";"499,1";"457,5";"534,6";"551,1";"557,6";"602,8";"604,3";"497,5";"504,3";"504,8";"511,3";"520,0";"590,9";"651,6";"596,2";"599,2";"667,9";"700,4";"658,9";"693,5";"748,1";"781,1";"816,4"
"09474";"Forchheim";"Landkreis";"411,2";"388,8";"396,5";"403,8";"435,9";"465,6";"452,7";"443,6";"423,8";"425,8";"450,8";"495,2";"556,5";"625,0";"579,3";"567,6";"595,9";"652,0";"687,0";"727,7";"785,1";"798,3";"887,4"
"09475";"Hof";"Landkreis";"431,6";"431,0";"472,8";"494,8";"503,6";"525,8";"515,2";"463,3";"438,2";"460,3";"471,8";"489,4";"573,0";"614,7";"557,1";"559,8";"614,9";"623,6";"625,0";"684,3";"716,0";"758,2";"860,2"
"09476";"Kronach";"Landkreis";"439,0";"445,7";"446,8";"460,0";"495,5";"476,4";"505,3";"478,9";"434,6";"459,4";"494,7";"509,2";"571,1";"628,6";"615,5";"578,6";"630,5";"653,7";"704,9";"735,6";"781,0";"815,2";"821,8"
"09477";"Kulmbach";"Landkreis";"434,5";"429,5";"458,6";"466,8";"507,5";"518,7";"518,6";"486,1";"429,5";"462,2";"480,5";"518,8";"597,1";"660,8";"602,8";"593,1";"660,4";"678,1";"716,9";"733,4";"753,1";"821,4";"904,2"
"09478";"Lichtenfels";"Landkreis";"429,8";"411,5";"449,4";"462,5";"503,5";"499,6";"491,5";"456,3";"457,0";"485,6";"510,0";"528,7";"550,6";"615,3";"538,3";"605,9";"615,7";"594,2";"603,6";"686,1";"752,6";"782,9";"870,5"
"09479";"Wunsiedel i.Fichtelgebirge";"Landkreis";"432,0";"393,5";"409,4";"436,4";"470,2";"464,0";"451,2";"440,3";"397,3";"420,8";"441,5";"478,5";"524,0";"639,0";"516,8";"502,1";"604,5";"564,1";"639,6";"693,8";"701,1";"729,5";"802,8"
"09561";"Ansbach, Stadt";"krsfr. Stadt";"516,2";"537,5";"546,2";"591,1";"573,1";"613,3";"630,5";"610,5";"562,6";"652,5";"626,6";"676,7";"709,6";"655,8";"647,5";"632,9";"771,5";"802,3";"822,5";"837,7";"907,3";"926,2";"980,7"
"09562";"Erlangen, Stadt";"krsfr. Stadt";"661,3";"648,3";"649,0";"691,3";"706,8";"754,5";"709,8";"746,2";"741,0";"763,5";"756,6";"897,1";"846,3";"1.020,7";"914,5";"869,3";"941,6";"1.088,8";"1.000,3";"1.154,5";"1.226,1";"1.171,3";"1.349,5"
"09563";"Fürth, Stadt";"krsfr. Stadt";"522,2";"462,7";"471,2";"570,2";"562,7";"591,8";"589,6";"571,8";"552,9";"564,7";"554,8";"626,8";"650,9";"720,3";"662,6";"669,2";"701,1";"738,9";"755,1";"808,0";"867,8";"841,9";"960,2"
"09564";"Nürnberg, Stadt";"krsfr. Stadt";"608,2";"617,9";"605,5";"680,4";"731,7";"739,7";"655,2";"649,8";"603,9";"652,3";"676,6";"798,7";"777,7";"889,5";"792,6";"796,1";"848,6";"937,1";"953,6";"975,3";"1.023,4";"1.079,5";"1.145,2"
"09565";"Schwabach, Stadt";"krsfr. Stadt";"502,1";"479,2";"476,4";"526,3";"558,1";"598,3";"590,3";"554,4";"517,8";"553,2";"581,3";"632,0";"714,1";"764,4";"709,5";"681,4";"808,3";"799,5";"823,3";"884,6";"947,3";"1.049,7";"1.090,5"
"09571";"Ansbach";"Landkreis";"383,7";"366,2";"390,4";"430,1";"434,7";"452,3";"441,6";"436,0";"425,7";"442,4";"442,8";"498,1";"589,1";"622,6";"583,7";"603,1";"643,3";"698,2";"710,3";"733,9";"815,0";"774,2";"858,3"
"09572";"Erlangen-Höchstadt";"Landkreis";"477,7";"455,9";"480,6";"540,4";"563,5";"670,8";"600,5";"566,3";"616,2";"567,5";"639,7";"650,4";"804,0";"865,5";"809,2";"776,3";"895,5";"869,8";"1.011,4";"1.025,5";"1.018,9";"1.124,7";"1.216,2"
"09573";"Fürth";"Landkreis";"477,3";"448,3";"428,3";"455,1";"485,8";"530,0";"507,9";"494,8";"493,6";"542,8";"522,0";"553,4";"613,1";"693,1";"678,4";"637,5";"677,8";"733,3";"764,5";"795,1";"846,6";"865,4";"938,1"
"09574";"Nürnberger Land";"Landkreis";"486,7";"472,3";"454,4";"512,0";"553,6";"575,8";"578,6";"544,9";"529,1";"552,8";"614,1";"655,3";"709,1";"824,3";"723,9";"728,9";"784,0";"799,5";"864,2";"874,8";"947,1";"969,7";"1.033,4"
"09575";"Neustadt a.d.Aisch-Bad Windsheim";"Landkreis";"382,4";"340,9";"362,7";"396,0";"410,3";"434,4";"407,2";"380,5";"377,2";"411,7";"411,3";"455,5";"522,7";"597,0";"540,4";"529,8";"569,3";"623,5";"683,2";"677,2";"712,1";"772,8";"829,0"
"09576";"Roth";"Landkreis";"437,9";"443,7";"439,7";"449,3";"476,4";"496,5";"475,1";"455,2";"454,6";"457,7";"487,1";"539,1";"607,0";"665,2";"618,4";"631,2";"685,4";"724,3";"747,4";"787,3";"841,1";"890,8";"935,5"
"09577";"Weißenburg-Gunzenhausen";"Landkreis";"400,7";"378,5";"380,8";"399,7";"420,7";"435,8";"439,2";"414,1";"394,5";"417,7";"429,3";"491,6";"529,3";"586,9";"510,1";"528,0";"588,5";"603,1";"662,0";"683,5";"683,1";"750,0";"808,1"
"09661";"Aschaffenburg, Stadt";"krsfr. Stadt";"703,6";"618,3";"612,2";"666,3";"693,8";"706,1";"625,9";"623,7";"551,1";"583,0";"629,5";"816,8";"807,9";"825,6";"740,4";"781,1";"871,0";"944,7";"1.009,4";"1.047,7";"1.038,7";"1.081,4";"1.185,4"
"09662";"Schweinfurt, Stadt";"krsfr. Stadt";"523,2";"578,8";"516,0";"569,9";"764,6";"642,2";"505,0";"616,3";"562,6";"703,7";"812,8";"1.243,2";"1.272,7";"1.464,8";"862,2";"1.000,0";"1.004,9";"1.153,4";"1.312,3";"1.304,6";"1.262,5";"1.251,6";"1.388,7"
"09663";"Würzburg, Stadt";"krsfr. Stadt";"578,4";"547,4";"569,0";"615,6";"617,8";"578,9";"595,9";"546,1";"511,6";"547,6";"602,5";"616,5";"643,5";"699,6";"660,8";"702,0";"794,1";"812,9";"821,9";"888,4";"995,5";"1.037,6";"1.095,6"
"09671";"Aschaffenburg";"Landkreis";"485,7";"461,7";"466,3";"498,6";"551,7";"589,2";"640,8";"550,6";"488,1";"511,8";"543,6";"655,8";"705,4";"839,1";"711,1";"704,6";"747,6";"767,5";"816,5";"856,9";"901,7";"887,8";"1.108,1"
"09672";"Bad Kissingen";"Landkreis";"374,9";"368,8";"395,1";"406,9";"418,5";"420,5";"414,4";"402,2";"371,3";"393,9";"399,1";"423,0";"485,5";"564,6";"512,4";"512,5";"553,4";"570,0";"587,5";"620,6";"675,7";"702,4";"782,2"
"09673";"Rhön-Grabfeld";"Landkreis";"353,8";"351,1";"364,4";"401,9";"404,4";"425,8";"411,3";"407,3";"382,9";"406,4";"426,2";"435,7";"514,5";"540,2";"490,5";"497,2";"556,4";"586,8";"610,1";"656,1";"700,6";"732,4";"772,8"
"09674";"Haßberge";"Landkreis";"382,7";"380,2";"387,4";"426,8";"452,1";"454,6";"470,1";"409,2";"391,8";"399,4";"453,6";"491,7";"593,0";"620,2";"553,4";"578,3";"579,6";"609,6";"631,5";"661,3";"721,5";"723,6";"830,2"
"09675";"Kitzingen";"Landkreis";"474,0";"491,4";"438,2";"465,2";"510,9";"529,6";"480,2";"487,8";"465,0";"515,6";"528,2";"564,2";"630,9";"687,6";"601,1";"670,8";"681,8";"689,5";"653,5";"787,7";"799,6";"847,8";"1.003,9"
"09676";"Miltenberg";"Landkreis";"468,2";"430,3";"442,9";"460,3";"508,8";"501,2";"473,9";"458,9";"438,6";"469,5";"488,5";"559,3";"623,7";"684,3";"649,3";"621,1";"682,2";"710,3";"731,9";"781,9";"787,1";"850,6";"912,6"
"09677";"Main-Spessart";"Landkreis";"412,2";"427,8";"440,2";"506,6";"556,3";"571,2";"533,2";"509,4";"476,2";"576,0";"483,6";"622,4";"597,6";"682,9";"622,3";"613,8";"700,7";"694,3";"742,1";"823,3";"806,7";"903,2";"981,2"
"09678";"Schweinfurt";"Landkreis";"413,1";"365,6";"403,9";"418,4";"433,1";"434,5";"416,9";"403,3";"372,2";"433,8";"425,8";"479,3";"576,4";"649,0";"619,6";"586,7";"557,3";"556,1";"645,7";"696,1";"713,3";"764,3";"843,5"
"09679";"Würzburg";"Landkreis";"397,1";"386,8";"388,8";"404,1";"444,9";"475,1";"477,8";"462,2";"452,1";"458,5";"489,0";"550,1";"696,3";"641,6";"621,9";"624,0";"661,0";"677,3";"700,1";"770,7";"805,2";"830,5";"901,0"
"09761";"Augsburg, Stadt";"krsfr. Stadt";"541,9";"494,8";"506,3";"558,3";"612,8";"580,1";"543,2";"527,9";"498,1";"569,8";"584,8";"611,5";"676,5";"800,7";"667,2";"664,8";"669,4";"740,4";"745,0";"787,8";"781,1";"874,5";"942,1"
"09762";"Kaufbeuren, Stadt";"krsfr. Stadt";"475,6";"444,5";"472,4";"511,0";"496,7";"546,3";"503,3";"474,1";"445,0";"471,2";"491,2";"528,8";"583,5";"614,9";"561,8";"550,8";"607,6";"621,4";"664,4";"715,4";"748,8";"751,1";"807,7"
"09763";"Kempten (Allgäu), Stadt";"krsfr. Stadt";"566,4";"551,8";"547,7";"632,9";"606,6";"657,5";"641,2";"609,7";"562,6";"584,1";"680,1";"673,6";"778,8";"801,2";"748,0";"730,9";"746,1";"789,8";"804,0";"872,7";"887,8";"912,6";"1.022,8"
"09764";"Memmingen, Stadt";"krsfr. Stadt";"597,6";"515,5";"555,9";"589,1";"620,3";"641,7";"636,6";"645,0";"594,9";"669,5";"676,3";"777,6";"945,1";"974,8";"763,8";"830,7";"864,3";"933,5";"1.030,1";"964,2";"1.061,3";"1.083,2";"1.270,8"
"09771";"Aichach-Friedberg";"Landkreis";"475,4";"424,9";"423,2";"454,0";"487,2";"520,6";"489,9";"479,5";"482,5";"498,6";"524,7";"560,3";"642,4";"681,1";"646,3";"651,1";"692,4";"754,7";"795,0";"822,8";"872,4";"889,8";"958,8"
"09772";"Augsburg";"Landkreis";"476,9";"435,9";"429,8";"471,2";"473,9";"522,9";"503,6";"498,5";"499,1";"557,3";"543,0";"578,9";"656,4";"693,2";"662,8";"669,9";"713,9";"753,4";"800,1";"861,3";"879,7";"946,0";"997,5"
"09773";"Dillingen a.d.Donau";"Landkreis";"459,6";"424,6";"441,5";"514,6";"469,6";"514,4";"479,7";"510,4";"459,6";"506,3";"533,6";"578,9";"635,0";"674,7";"664,5";"652,4";"731,9";"733,7";"751,5";"849,5";"810,2";"870,6";"1.029,0"
"09774";"Günzburg";"Landkreis";"458,4";"416,0";"415,3";"451,0";"497,9";"514,4";"518,7";"470,8";"479,1";"547,4";"552,8";"582,9";"649,0";"729,4";"657,0";"659,1";"731,9";"761,1";"806,7";"819,4";"901,3";"914,0";"862,5"
"09775";"Neu-Ulm";"Landkreis";"537,3";"516,6";"504,4";"559,5";"595,0";"596,2";"579,7";"562,3";"517,8";"579,2";"573,2";"620,4";"729,8";"782,4";"725,7";"724,9";"743,8";"823,5";"890,5";"911,4";"954,2";"973,3";"1.081,5"
"09776";"Lindau (Bodensee)";"Landkreis";"504,8";"457,0";"463,7";"507,2";"515,1";"554,1";"528,0";"493,5";"477,8";"506,8";"511,1";"559,8";"573,3";"640,6";"625,8";"615,4";"663,4";"734,6";"742,0";"822,3";"872,1";"911,0";"1.007,5"
"09777";"Ostallgäu";"Landkreis";"397,2";"395,2";"385,3";"424,4";"443,1";"477,9";"471,6";"448,1";"448,1";"489,4";"515,9";"538,1";"610,8";"669,2";"634,2";"627,0";"683,9";"732,8";"778,9";"842,8";"911,9";"918,0";"992,6"
"09778";"Unterallgäu";"Landkreis";"441,3";"415,3";"433,6";"464,5";"499,6";"486,4";"492,6";"473,1";"476,5";"491,3";"500,5";"558,1";"621,0";"682,2";"627,8";"616,4";"696,4";"721,1";"768,7";"856,1";"906,8";"944,3";"1.034,0"
"09779";"Donau-Ries";"Landkreis";"448,6";"429,2";"486,8";"454,8";"498,1";"521,4";"498,7";"481,4";"467,0";"543,4";"576,2";"611,2";"673,2";"733,1";"716,5";"740,4";"728,8";"850,2";"821,9";"853,0";"913,6";"1.001,8";"1.106,0"
"09780";"Oberallgäu";"Landkreis";"432,4";"420,8";"409,7";"449,8";"460,5";"483,4";"483,9";"460,3";"446,3";"476,3";"477,1";"514,4";"588,5";"609,1";"590,4";"603,3";"627,4";"675,1";"707,1";"747,1";"794,4";"817,8";"895,6"
"10041";"Regionalverband Saarbrücken";"Landkreis";"406,7";"395,0";"376,9";"404,9";"433,4";"431,7";"414,6";"424,1";"405,6";"425,3";"484,8";"525,8";"573,6";"645,4";"567,2";"540,8";"602,4";"609,5";"615,6";"647,3";"691,2";"672,2";"751,6"
"10042";"Merzig-Wadern";"Landkreis";"316,4";"292,8";"287,7";"317,9";"326,0";"340,4";"321,5";"345,7";"377,9";"396,7";"356,1";"391,6";"451,8";"467,6";"386,4";"373,2";"472,3";"453,2";"475,6";"520,7";"523,5";"519,1";"573,6"
"10043";"Neunkirchen";"Landkreis";"329,8";"307,2";"322,7";"329,7";"336,8";"341,0";"323,7";"320,0";"326,1";"332,4";"350,5";"364,4";"399,4";"441,4";"411,1";"415,7";"461,7";"482,5";"504,0";"506,6";"524,8";"529,5";"589,5"
"10044";"Saarlouis";"Landkreis";"359,6";"343,5";"351,8";"350,5";"363,1";"373,5";"346,9";"358,0";"354,0";"364,0";"377,8";"454,1";"572,4";"587,9";"538,3";"506,8";"663,5";"570,3";"597,5";"602,6";"614,8";"636,1";"676,2"
"10045";"Saarpfalz-Kreis";"Landkreis";"391,6";"392,9";"399,9";"445,3";"421,7";"427,8";"452,6";"443,0";"432,3";"519,4";"522,4";"605,6";"617,4";"644,0";"535,6";"586,7";"687,2";"714,8";"732,3";"732,6";"736,1";"778,0";"821,7"
"10046";"St. Wendel";"Landkreis";"338,1";"311,5";"322,8";"331,0";"319,3";"348,1";"358,0";"351,2";"339,5";"426,2";"436,6";"440,7";"510,4";"576,6";"501,9";"495,4";"522,1";"548,5";"574,4";"615,6";"564,3";"625,1";"649,6"
"11000";"Berlin, Stadt";"krsfr. Stadt";"470,7";"452,4";"435,8";"489,9";"491,8";"508,5";"475,7";"452,2";"440,1";"444,3";"453,2";"531,9";"538,5";"562,8";"513,6";"566,5";"611,3";"635,3";"684,5";"728,8";"747,7";"791,2";"833,2"
"12051";"Brandenburg an der Havel, Stadt";"krsfr. Stadt";"281,8";"200,2";"199,7";"294,8";"310,4";"284,0";"308,5";"278,7";"229,9";"302,6";"299,4";"376,6";"437,2";"510,0";"430,3";"415,1";"395,0";"441,7";"463,7";"459,6";"502,6";"512,5";"584,3"
"12052";"Cottbus, Stadt";"krsfr. Stadt";"266,4";"210,7";"284,1";"315,9";"302,4";"294,2";"284,9";"279,0";"259,5";"311,7";"336,5";"365,3";"485,7";"796,7";"630,7";"500,6";"491,2";"511,7";"605,0";"567,9";"600,6";"506,7";"666,3"
"12053";"Frankfurt (Oder), Stadt";"krsfr. Stadt";"275,6";"217,7";"262,6";"294,9";"257,0";"244,2";"263,4";"243,6";"224,0";"259,9";"275,2";"285,7";"344,2";"455,4";"805,5";"548,9";"653,7";"407,0";"467,4";"480,5";"516,9";"551,5";"597,5"
"12054";"Potsdam, Stadt";"krsfr. Stadt";"284,4";"226,3";"270,8";"351,8";"355,7";"384,8";"316,9";"324,8";"306,6";"328,1";"399,0";"393,5";"444,4";"469,3";"472,9";"483,9";"507,8";"577,1";"567,1";"617,0";"652,7";"692,4";"807,4"
"12060";"Barnim";"Landkreis";"248,2";"186,9";"194,3";"217,5";"198,7";"208,1";"201,1";"196,4";"204,9";"215,3";"222,4";"253,3";"324,8";"358,8";"361,1";"367,9";"417,2";"439,8";"476,6";"478,3";"531,4";"553,2";"595,7"
"12061";"Dahme-Spreewald";"Landkreis";"259,8";"227,4";"0,0";"273,1";"239,9";"270,5";"255,0";"273,1";"223,4";"294,1";"403,6";"428,9";"597,4";"691,3";"688,0";"750,4";"641,1";"752,7";"1.105,4";"1.068,3";"1.107,7";"1.336,8";"1.511,4"
"12062";"Elbe-Elster";"Landkreis";"244,8";"178,4";"174,2";"197,9";"182,9";"194,2";"183,6";"187,7";"175,6";"195,1";"206,6";"220,2";"272,2";"289,9";"295,5";"318,0";"334,8";"372,9";"395,6";"402,6";"419,3";"444,6";"482,6"
"12063";"Havelland";"Landkreis";"244,9";"199,4";"202,1";"234,0";"219,6";"219,7";"221,2";"206,4";"223,5";"258,0";"254,0";"299,5";"353,5";"405,9";"378,4";"391,5";"449,5";"477,8";"502,9";"498,1";"550,1";"573,4";"608,5"
"12064";"Märkisch-Oderland";"Landkreis";"257,3";"186,4";"188,3";"203,1";"216,9";"198,1";"191,9";"192,9";"287,3";"213,9";"272,9";"267,1";"324,7";"362,8";"284,3";"409,4";"409,3";"485,7";"522,3";"486,3";"536,4";"537,0";"597,5"
"12065";"Oberhavel";"Landkreis";"327,9";"305,2";"319,0";"410,6";"401,8";"460,6";"318,2";"247,1";"251,6";"290,8";"484,2";"449,9";"552,5";"643,9";"565,9";"579,6";"578,9";"596,6";"652,0";"735,7";"744,7";"807,6";"837,2"
"12066";"Oberspreewald-Lausitz";"Landkreis";"252,5";"202,9";"210,7";"247,4";"220,2";"223,3";"208,5";"214,0";"201,3";"239,9";"242,3";"295,1";"323,4";"366,8";"357,0";"392,5";"410,4";"447,1";"461,2";"481,0";"452,8";"503,8";"576,4"
"12067";"Oder-Spree";"Landkreis";"245,8";"192,8";"192,2";"201,9";"198,9";"226,2";"211,6";"216,2";"210,7";"242,3";"276,7";"293,0";"367,6";"410,1";"378,6";"375,9";"435,4";"426,9";"473,1";"478,0";"531,9";"550,9";"590,5"
"12068";"Ostprignitz-Ruppin";"Landkreis";"246,8";"187,4";"163,0";"186,9";"190,3";"199,0";"183,2";"226,0";"223,7";"263,6";"255,2";"262,8";"325,6";"361,3";"319,8";"351,3";"370,4";"417,6";"441,6";"457,5";"488,8";"508,4";"587,5"
"12069";"Potsdam-Mittelmark";"Landkreis";"257,1";"200,5";"212,7";"232,1";"218,7";"226,4";"219,9";"223,2";"222,3";"262,5";"286,8";"322,0";"388,6";"453,1";"445,9";"444,9";"493,4";"537,4";"566,8";"574,6";"638,4";"674,4";"703,8"
"12070";"Prignitz";"Landkreis";"249,8";"180,2";"0,0";"189,6";"181,3";"198,2";"198,3";"208,6";"193,3";"228,2";"227,0";"233,1";"303,4";"331,6";"316,3";"325,0";"357,3";"407,1";"427,6";"431,1";"460,6";"495,7";"554,4"
"12071";"Spree-Neiße";"Landkreis";"250,6";"191,1";"202,5";"227,6";"216,1";"207,1";"196,9";"214,4";"207,5";"256,8";"261,4";"367,9";"482,5";"511,8";"518,2";"480,4";"446,7";"501,0";"580,5";"577,4";"522,5";"437,0";"573,3"
"12072";"Teltow-Fläming";"Landkreis";"327,3";"251,5";"283,3";"368,7";"261,8";"596,5";"508,0";"380,4";"333,9";"427,7";"363,2";"386,2";"476,6";"498,3";"522,9";"604,5";"570,3";"752,7";"771,2";"871,8";"839,4";"822,3";"935,6"
"12073";"Uckermark";"Landkreis";"247,1";"182,8";"168,8";"201,2";"205,1";"215,0";"211,9";"213,1";"183,5";"211,0";"214,9";"262,1";"307,5";"345,5";"336,2";"357,3";"381,9";"393,3";"424,5";"457,0";"491,8";"517,5";"550,8"
"13003";"Rostock, Stadt";"krsfr. Stadt";"232,2";"194,3";"247,4";"313,4";"301,4";"346,7";"264,7";"253,1";"231,1";"259,7";"273,1";"316,0";"335,9";"414,7";"409,0";"401,3";"428,0";"457,7";"493,9";"522,8";"555,0";"628,0";"675,5"
"13004";"Schwerin, Stadt";"krsfr. Stadt";"240,9";"224,7";"294,0";"355,0";"335,7";"347,4";"302,0";"285,2";"276,8";"308,3";"347,3";"355,4";"433,1";"435,1";"408,9";"422,4";"493,1";"487,3";"550,8";"562,1";"565,9";"577,6";"640,1"
"13071";"Mecklenburgische Seenplatte";"Landkreis";"228,2";"177,0";"183,7";"224,4";"210,4";"223,4";"212,6";"203,3";"254,9";"292,1";"349,8";"346,8";"337,0";"331,3";"332,4";"333,3";"383,7";"413,1";"418,7";"447,0";"499,3";"495,2";"549,5"
"13072";"Landkreis Rostock";"Landkreis";"207,8";"160,4";"149,3";"184,0";"185,6";"197,9";"210,2";"181,6";"199,5";"221,4";"226,4";"272,8";"320,5";"346,5";"351,1";"389,5";"403,3";"437,1";"496,6";"509,6";"534,2";"579,8";"571,0"
"13073";"Vorpommern-Rügen";"Landkreis";"215,4";"165,7";"159,6";"194,2";"187,6";"200,7";"196,4";"187,4";"190,6";"207,6";"215,2";"241,8";"270,5";"316,1";"318,1";"330,2";"348,6";"395,7";"420,5";"446,0";"463,6";"491,8";"531,6"
"13074";"Nordwestmecklenburg";"Landkreis";"212,1";"164,7";"181,4";"181,3";"193,6";"191,5";"182,8";"181,2";"185,6";"207,4";"246,1";"274,0";"325,6";"385,0";"341,6";"368,4";"421,1";"399,4";"436,5";"464,2";"481,7";"573,2";"595,5"
"13075";"Vorpommern-Greifswald";"Landkreis";"221,6";"157,2";"163,1";"211,3";"197,0";"199,8";"191,7";"176,6";"192,7";"208,1";"230,4";"251,5";"269,3";"300,6";"297,4";"304,5";"321,3";"363,6";"384,4";"404,0";"450,8";"451,0";"480,9"
"13076";"Ludwigslust-Parchim";"Landkreis";"213,3";"167,3";"163,9";"189,1";"193,2";"200,4";"211,9";"229,1";"202,0";"258,0";"236,7";"275,8";"320,6";"349,5";"342,5";"384,2";"462,2";"452,4";"482,1";"491,8";"511,5";"551,3";"606,8"
"14511";"Chemnitz, Stadt";"krsfr. Stadt";"245,5";"203,5";"245,7";"302,5";"305,7";"286,4";"293,8";"248,2";"257,7";"306,9";"344,7";"361,9";"387,9";"440,8";"424,0";"450,3";"478,1";"509,9";"546,8";"557,3";"555,4";"598,2";"632,5"
"14521";"Erzgebirgskreis";"Landkreis";"206,1";"151,4";"123,3";"154,5";"157,4";"160,7";"158,9";"160,7";"166,1";"194,3";"210,0";"239,3";"279,3";"314,4";"286,0";"302,8";"342,9";"347,0";"362,0";"389,0";"425,7";"450,2";"495,0"
"14522";"Mittelsachsen";"Landkreis";"222,6";"174,4";"165,7";"189,8";"183,8";"198,8";"189,7";"184,5";"208,8";"245,9";"262,9";"304,0";"378,3";"410,3";"383,9";"410,9";"440,8";"423,5";"449,7";"479,0";"513,9";"543,9";"571,2"
"14523";"Vogtlandkreis";"Landkreis";"226,0";"165,6";"159,6";"186,0";"192,9";"198,8";"186,7";"172,7";"187,3";"219,3";"235,5";"266,2";"306,9";"380,8";"317,9";"344,9";"392,1";"403,4";"422,7";"458,8";"459,2";"516,2";"532,7"
"14524";"Zwickau";"Landkreis";"239,3";"188,4";"171,1";"226,6";"239,2";"222,2";"223,4";"217,9";"214,7";"229,7";"251,3";"269,8";"317,8";"396,2";"339,0";"363,5";"415,4";"490,7";"495,6";"538,2";"516,5";"543,9";"578,0"
"14612";"Dresden, Stadt";"krsfr. Stadt";"253,5";"217,5";"247,4";"337,6";"322,0";"339,5";"329,7";"311,3";"318,6";"345,0";"398,3";"408,7";"421,3";"509,1";"462,7";"490,1";"526,4";"512,4";"551,1";"560,6";"586,1";"655,0";"754,4"
"14625";"Bautzen";"Landkreis";"231,8";"178,4";"192,7";"228,6";"214,8";"200,2";"197,6";"189,9";"197,4";"227,3";"248,9";"269,0";"318,2";"367,5";"340,5";"366,3";"400,4";"415,8";"454,5";"471,7";"496,2";"530,3";"582,9"
"14626";"Görlitz";"Landkreis";"174,7";"162,7";"160,6";"180,2";"185,7";"173,7";"169,5";"164,4";"174,2";"191,7";"207,1";"225,7";"306,6";"355,1";"335,4";"313,7";"334,5";"373,5";"384,4";"417,1";"425,4";"413,5";"478,5"
"14627";"Meißen";"Landkreis";"222,7";"176,6";"168,1";"210,1";"206,8";"213,1";"201,9";"195,2";"211,0";"243,5";"270,2";"307,2";"392,0";"415,1";"376,3";"406,3";"427,5";"467,0";"470,1";"495,4";"555,9";"580,7";"622,4"
"14628";"Sächsische Schweiz-Osterzgebirge";"Landkreis";"223,5";"160,1";"165,4";"184,4";"185,1";"193,0";"192,2";"179,3";"189,1";"210,0";"228,0";"271,1";"297,5";"346,2";"328,2";"353,6";"381,0";"408,8";"434,4";"447,5";"476,5";"496,1";"536,1"
"14713";"Leipzig, Stadt";"krsfr. Stadt";"272,6";"215,3";"0,0";"342,6";"335,8";"320,2";"270,3";"289,9";"300,5";"310,8";"330,7";"388,5";"393,1";"457,5";"440,3";"423,5";"470,4";"478,8";"513,1";"569,1";"571,1";"621,9";"635,5"
"14729";"Leipzig";"Landkreis";"256,1";"201,3";"213,9";"235,5";"225,9";"221,6";"204,0";"187,8";"204,8";"233,9";"244,3";"281,3";"345,3";"395,8";"379,3";"388,9";"408,8";"434,3";"462,2";"503,3";"530,8";"546,6";"598,1"
"14730";"Nordsachsen";"Landkreis";"230,4";"176,0";"183,2";"209,2";"219,8";"223,3";"219,8";"199,5";"211,5";"240,2";"254,4";"284,9";"324,6";"369,8";"337,1";"365,0";"412,8";"415,6";"444,1";"470,0";"507,5";"528,2";"569,6"
"15001";"Dessau-Roßlau, Stadt";"krsfr. Stadt";"201,6";"153,1";"196,7";"217,8";"239,7";"214,7";"203,7";"206,5";"210,3";"249,5";"276,0";"268,5";"323,7";"369,6";"352,1";"356,7";"423,8";"423,3";"465,3";"491,5";"512,7";"544,0";"539,6"
"15002";"Halle (Saale), Stadt";"krsfr. Stadt";"214,5";"175,0";"200,8";"244,6";"263,2";"246,1";"228,5";"234,8";"219,6";"261,3";"252,9";"286,0";"322,0";"375,4";"344,8";"341,5";"373,3";"376,1";"402,9";"431,1";"436,4";"474,9";"487,6"
"15003";"Magdeburg, Stadt";"krsfr. Stadt";"222,6";"212,4";"264,2";"314,7";"311,6";"308,5";"292,0";"276,7";"261,1";"316,0";"311,3";"351,4";"407,1";"470,8";"449,4";"443,0";"481,2";"498,0";"555,6";"539,7";"549,0";"575,9";"638,7"
"15081";"Altmarkkreis Salzwedel";"Landkreis";"197,7";"171,3";"180,9";"209,9";"218,5";"216,9";"223,4";"214,2";"212,2";"247,6";"243,1";"363,5";"348,1";"431,1";"397,4";"322,1";"391,2";"453,0";"469,7";"501,4";"502,1";"495,8";"530,8"
"15082";"Anhalt-Bitterfeld";"Landkreis";"223,5";"165,0";"170,9";"188,7";"222,9";"198,7";"193,8";"206,4";"193,1";"237,9";"250,7";"293,3";"457,1";"505,0";"356,9";"366,8";"410,1";"449,5";"444,9";"493,6";"492,3";"528,7";"597,6"
"15083";"Börde";"Landkreis";"215,0";"175,6";"199,5";"217,2";"246,4";"267,6";"274,9";"291,7";"318,2";"362,7";"417,0";"459,4";"481,3";"595,6";"470,0";"522,6";"627,3";"669,2";"656,4";"594,3";"671,3";"611,5";"645,7"
"15084";"Burgenlandkreis";"Landkreis";"204,0";"170,4";"196,0";"202,2";"217,8";"214,6";"204,5";"208,2";"196,0";"334,6";"398,1";"379,5";"408,8";"414,7";"420,4";"426,3";"392,2";"445,3";"423,2";"467,3";"546,7";"1.431,7";"770,4"
"15085";"Harz";"Landkreis";"203,2";"169,7";"172,6";"202,4";"202,9";"204,5";"202,0";"202,0";"210,1";"243,5";"227,3";"273,1";"328,4";"355,0";"312,9";"344,0";"381,2";"400,0";"426,7";"448,9";"458,1";"470,5";"527,7"
"15086";"Jerichower Land";"Landkreis";"208,7";"165,1";"179,3";"190,1";"214,6";"205,4";"185,0";"188,9";"195,7";"220,4";"235,8";"256,8";"312,7";"392,1";"355,8";"342,9";"388,4";"434,3";"444,8";"487,7";"492,1";"491,4";"542,4"
"15087";"Mansfeld-Südharz";"Landkreis";"198,7";"150,7";"144,8";"156,1";"178,7";"163,9";"155,5";"160,3";"156,6";"201,9";"204,8";"213,5";"252,9";"301,5";"263,4";"304,3";"312,4";"331,5";"343,7";"381,1";"381,9";"395,0";"421,7"
"15088";"Saalekreis";"Landkreis";"223,7";"196,7";"209,0";"243,9";"245,9";"257,7";"248,0";"252,8";"258,1";"314,3";"544,6";"701,0";"572,8";"564,0";"466,9";"483,3";"583,0";"562,5";"579,5";"672,8";"709,6";"795,4";"865,7"
"15089";"Salzlandkreis";"Landkreis";"206,9";"156,5";"157,6";"185,2";"191,3";"194,4";"204,9";"217,3";"221,0";"267,7";"255,1";"282,7";"326,4";"359,9";"320,6";"329,1";"370,8";"398,6";"423,5";"433,4";"468,5";"487,2";"523,8"
"15090";"Stendal";"Landkreis";"196,7";"159,5";"173,2";"188,7";"191,4";"193,9";"188,5";"186,8";"181,8";"202,5";"210,8";"241,6";"265,4";"295,0";"296,0";"302,7";"328,5";"356,9";"380,1";"406,7";"430,8";"440,8";"471,7"
"15091";"Wittenberg";"Landkreis";"198,8";"157,2";"159,2";"186,3";"186,1";"183,3";"180,3";"197,6";"189,8";"237,9";"250,2";"267,7";"319,4";"363,5";"360,6";"405,7";"464,0";"474,2";"486,2";"493,7";"532,7";"517,7";"533,3"
"16051";"Erfurt, Stadt";"krsfr. Stadt";"268,9";"203,9";"254,5";"340,2";"317,8";"313,4";"287,4";"311,6";"281,5";"325,2";"376,4";"461,9";"423,7";"507,6";"394,8";"466,7";"471,9";"503,5";"540,5";"564,9";"589,6";"631,8";"665,6"
"16052";"Gera, Stadt";"krsfr. Stadt";"214,0";"165,6";"205,9";"259,5";"253,0";"242,7";"220,8";"201,1";"227,3";"249,1";"270,5";"281,8";"317,4";"387,6";"346,1";"362,3";"428,6";"410,2";"429,3";"440,2";"462,9";"481,0";"516,1"
"16053";"Jena, Stadt";"krsfr. Stadt";"233,9";"164,7";"191,5";"262,7";"229,9";"226,1";"254,0";"225,7";"273,9";"258,3";"265,9";"352,4";"421,7";"511,5";"491,9";"484,5";"539,6";"588,3";"603,4";"612,6";"685,9";"700,2";"732,0"
"16054";"Suhl, Stadt";"krsfr. Stadt";"206,8";"176,4";"220,7";"294,9";"259,5";"244,0";"245,7";"231,5";"233,4";"303,4";"363,2";"352,2";"357,2";"432,8";"434,3";"404,4";"522,2";"545,4";"522,7";"564,4";"534,4";"580,2";"625,6"
"16055";"Weimar, Stadt";"krsfr. Stadt";"188,0";"172,0";"185,5";"239,2";"209,9";"236,7";"225,4";"218,7";"224,4";"238,7";"241,3";"264,8";"333,7";"358,2";"346,3";"364,9";"388,5";"406,1";"432,4";"455,7";"501,8";"508,8";"536,9"
"16056";"Eisenach, Stadt";"krsfr. Stadt";"211,7";"163,6";"169,9";"307,5";"270,1";"266,8";"254,0";"281,6";"304,5";"357,3";"376,6";"388,9";"374,6";"420,2";"389,6";"388,5";"491,9";"487,1";"468,9";"520,9";"529,6";"571,9";"602,1"
"16061";"Eichsfeld";"Landkreis";"183,5";"144,8";"139,6";"184,8";"180,6";"181,9";"188,6";"170,5";"202,7";"221,9";"222,7";"240,2";"293,8";"350,0";"306,5";"325,4";"361,0";"396,1";"448,0";"436,1";"462,0";"519,0";"524,5"
"16062";"Nordhausen";"Landkreis";"220,0";"169,5";"186,0";"192,7";"214,1";"206,5";"200,1";"187,7";"183,2";"197,8";"221,9";"237,7";"287,5";"325,6";"311,4";"334,4";"351,4";"397,7";"395,7";"427,5";"441,9";"454,1";"495,8"
"16063";"Wartburgkreis";"Landkreis";"211,3";"165,8";"171,7";"174,9";"188,0";"190,2";"194,8";"197,7";"208,6";"229,0";"260,4";"304,7";"344,5";"441,6";"360,3";"357,0";"451,6";"482,8";"535,4";"522,5";"561,8";"576,8";"622,7"
"16064";"Unstrut-Hainich-Kreis";"Landkreis";"203,0";"150,8";"0,0";"190,0";"179,3";"177,4";"185,6";"188,2";"183,7";"189,4";"208,4";"225,2";"259,9";"316,3";"296,4";"299,9";"348,5";"380,2";"387,6";"404,0";"415,8";"461,3";"508,1"
"16065";"Kyffhäuserkreis";"Landkreis";"194,4";"141,6";"0,0";"171,7";"178,2";"174,3";"169,1";"168,6";"175,1";"183,4";"205,9";"216,7";"252,4";"309,7";"267,5";"282,3";"333,2";"320,5";"365,9";"371,1";"414,0";"410,3";"469,9"
"16066";"Schmalkalden-Meiningen";"Landkreis";"199,3";"152,0";"149,4";"184,7";"188,9";"185,1";"191,9";"193,8";"200,5";"222,6";"236,7";"290,2";"335,7";"368,1";"319,7";"331,3";"388,5";"431,2";"439,8";"451,2";"485,7";"515,8";"555,8"
"16067";"Gotha";"Landkreis";"204,3";"168,6";"172,3";"205,7";"215,7";"232,5";"218,3";"213,2";"231,3";"258,8";"270,7";"345,9";"358,6";"411,6";"357,4";"370,3";"392,9";"412,2";"454,0";"485,7";"515,2";"532,1";"578,2"
"16068";"Sömmerda";"Landkreis";"200,0";"151,3";"141,9";"178,4";"187,4";"211,6";"197,5";"216,1";"239,5";"277,6";"274,1";"283,3";"363,1";"363,7";"347,5";"363,2";"405,4";"430,2";"465,9";"481,8";"508,7";"528,3";"567,5"
"16069";"Hildburghausen";"Landkreis";"187,9";"145,3";"138,5";"179,1";"183,7";"178,8";"184,3";"187,3";"207,4";"215,8";"256,2";"279,0";"331,6";"328,5";"329,3";"341,2";"365,0";"391,7";"415,3";"426,4";"432,0";"508,8";"581,8"
"16070";"Ilm-Kreis";"Landkreis";"200,7";"158,7";"0,0";"191,2";"182,7";"197,1";"201,0";"216,3";"212,6";"232,1";"288,8";"305,0";"351,8";"405,6";"389,8";"410,5";"465,3";"478,6";"521,8";"502,7";"536,5";"586,8";"641,6"
"16071";"Weimarer Land";"Landkreis";"190,9";"155,6";"148,9";"178,5";"184,1";"190,5";"184,5";"216,2";"214,1";"231,2";"274,7";"284,7";"338,6";"375,7";"360,6";"389,1";"422,0";"457,0";"485,1";"495,1";"560,0";"590,2";"577,0"
"16072";"Sonneberg";"Landkreis";"186,3";"148,6";"157,2";"207,0";"219,3";"204,0";"228,2";"209,6";"213,6";"226,7";"251,0";"300,4";"374,7";"476,7";"422,6";"353,3";"444,5";"463,4";"466,1";"481,9";"516,2";"542,4";"588,4"
"16073";"Saalfeld-Rudolstadt";"Landkreis";"194,8";"140,3";"0,0";"187,2";"180,2";"176,3";"170,3";"180,7";"177,7";"194,1";"236,7";"255,0";"386,4";"573,1";"432,6";"370,7";"412,3";"454,5";"425,6";"439,5";"471,4";"538,3";"550,8"
"16074";"Saale-Holzland-Kreis";"Landkreis";"200,8";"152,7";"154,8";"196,1";"189,6";"189,4";"204,3";"206,4";"206,4";"229,4";"253,9";"279,9";"345,1";"384,2";"351,8";"354,0";"396,7";"423,4";"442,9";"463,1";"462,7";"496,0";"556,5"
"16075";"Saale-Orla-Kreis";"Landkreis";"197,9";"156,7";"0,0";"198,8";"201,1";"204,4";"207,2";"185,0";"210,2";"244,7";"253,6";"307,0";"399,8";"454,1";"389,2";"334,9";"364,5";"434,6";"467,5";"479,5";"482,8";"564,0";"578,8"
"16076";"Greiz";"Landkreis";"182,3";"145,0";"146,2";"178,3";"174,9";"174,5";"176,5";"188,6";"199,4";"208,7";"211,9";"251,8";"316,3";"341,1";"315,6";"324,0";"381,5";"388,8";"411,3";"404,1";"475,7";"477,2";"527,1"
"16077";"Altenburger Land";"Landkreis";"193,2";"158,4";"166,3";"177,7";"184,8";"172,7";"176,9";"174,6";"176,3";"202,7";"211,0";"224,5";"269,6";"302,7";"285,8";"295,6";"340,2";"356,8";"369,9";"403,7";"420,2";"430,9";"472,4"
